rank,model_version,eval_score,train_score,train_mAP50-95,main_test_mAP50-95,gen_avg_mAP50-95,pred_avg_score,main_pred_score,gen_avg_pred_score,main_val_mAP50-95,train_mAP50,train_precision,train_recall,main_test_mAP50,main_test_precision,main_test_recall,gen_art_mAP50-95,gen_playground_mAP50-95,gen_road_to_art_mAP50-95,gen_rotundan_mAP50-95,epoch,lr0,mosaic,scale,degrees,model,data,run,metrics_file,gen_art_mAP50,gen_art_metric_score,gen_art_precision,gen_art_pred_false_positive_empty,gen_art_pred_iou,gen_art_pred_issue_rate,gen_art_pred_multi_prediction,gen_art_pred_no_prediction,gen_art_pred_score,gen_art_recall,gen_avg_metric_score,gen_playground_mAP50,gen_playground_metric_score,gen_playground_precision,gen_playground_pred_false_positive_empty,gen_playground_pred_iou,gen_playground_pred_issue_rate,gen_playground_pred_multi_prediction,gen_playground_pred_no_prediction,gen_playground_pred_score,gen_playground_recall,gen_road_to_art_mAP50,gen_road_to_art_metric_score,gen_road_to_art_precision,gen_road_to_art_pred_false_positive_empty,gen_road_to_art_pred_iou,gen_road_to_art_pred_issue_rate,gen_road_to_art_pred_multi_prediction,gen_road_to_art_pred_no_prediction,gen_road_to_art_pred_score,gen_road_to_art_recall,gen_rotundan_mAP50,gen_rotundan_metric_score,gen_rotundan_precision,gen_rotundan_pred_false_positive_empty,gen_rotundan_pred_iou,gen_rotundan_pred_issue_rate,gen_rotundan_pred_multi_prediction,gen_rotundan_pred_no_prediction,gen_rotundan_pred_score,gen_rotundan_recall,main_pred_false_positive_empty,main_pred_iou,main_pred_issue_rate,main_pred_multi_prediction,main_pred_no_prediction,main_test_metric_score,main_val_mAP50,main_val_metric_score,main_val_precision,main_val_recall,train_metric_score
1,v10-tuned-no-road-to-art,0.8288422936532645,0.8877445500000002,0.850523,0.8726000202429685,0.779096046651419,0.7843636821593196,0.8114209787764706,0.7573063855421687,0.872339800693106,0.982266,0.990123,0.966701,0.9948516242317822,0.9912495057027045,0.9995240352563245,0.769453526559069,0.8157762513556619,0.7758281820468713,0.7553262266440737,61.0,0.00045,0.2031,0.28036,0.00363,ul://ruben-croall/top-10-obb-models-from-scoreboard/v10-tuned-from-v9-tight-5,ul://ruben-croall/datasets/sam3-obb-no-road-to-art,v10-tuned-no-road-to-art,/home/ruben/halmstad_ws/models/obb/experiments/sam3_hybrid_full/metrics/v10-tuned-no-road-to-art.json,0.9777419276229555,0.858870283732379,0.9775131578029472,,,,,,,0.9491409521333676,0.8673175762115533,0.9924855390221732,0.8920266783574373,0.975192989740553,,,,,,,0.9822222222222222,0.995,0.8757055001257792,1.0,0,0.7573063855421687,0.0,0,0,0.7573063855421687,1.0,0.9620373563112565,0.8426678426306176,0.9689124822166322,,,,,,,0.9195979899497487,1,0.8201694529411765,0.010666666666666666,3,0,0.9279538918387084,0.9925241717286866,0.9260027507487613,0.9884524152276074,0.9924385633270322,0.8877445500000002
2,v10-tuned-no-playground,0.8287123651398477,0.9068174999999999,0.868631,0.8799249762204043,0.773837088911271,0.7504004472172088,0.8090349830588235,0.6917659113755941,0.8712773796752643,0.994333,0.992278,0.991687,0.9948827745383867,0.9900234395792405,1.0,0.7691105125311558,0.795134122550383,0.7712620547161986,0.7598416658473466,61.0,0.00045,0.2031,0.28036,0.00363,ul://ruben-croall/top-10-obb-models-from-scoreboard/v10-tuned-from-v9-tight-5,ul://ruben-croall/datasets/sam3-obb-no-playground,v10-tuned-no-playground,/home/ruben/halmstad_ws/models/obb/experiments/sam3_hybrid_full/metrics/v10-tuned-no-playground.json,0.9750274635576768,0.851958896878874,0.9442297162018104,3,0.7672359285714286,0.14227642276422764,27,5,0.6580763452380952,0.9301310043668122,0.8615342532093306,0.9893633108047841,0.8777390932584026,0.9520933036140181,1,0.7873779733333334,0.12048192771084337,29,0,0.6925131572690764,0.9822222222222222,0.995,0.8731237885123613,0.9992965841845206,0,0.7736706746987951,0.0,0,0,0.7736706746987951,1.0,0.9599227895158784,0.8433152341876848,0.9679574257383459,5,0.7499373796791444,0.14285714285714285,19,12,0.6428034682964096,0.9108134499642262,1,0.8199678882352941,0.013333333333333334,4,0,0.9319376357868239,0.9931618184199463,0.9257014355226899,0.9887102801588367,0.9933032333428108,0.9068174999999999
3,v10-tuned-no-rotundan,0.8284945964817616,0.9008718500000001,0.864358,0.8841161195954161,0.7800178391686107,0.7120029895481059,0.8142766032941178,0.609729375802094,0.8735033805589542,0.992138,0.990889,0.979303,0.9949112426035501,0.9941146616789576,0.9936116251715466,0.7720242539333787,0.8083457608591372,0.7959703917169995,0.7437309501649272,61.0,0.00045,0.2031,0.28036,0.00363,ul://ruben-croall/top-10-obb-models-from-scoreboard/v10-tuned-from-v9-tight-5,ul://ruben-croall/datasets/sam3-obb-no-rotundan,v10-tuned-no-rotundan,/home/ruben/halmstad_ws/models/obb/experiments/sam3_hybrid_full/metrics/v10-tuned-no-rotundan.json,0.9750988891058032,0.8580122272178959,0.9728991285197034,,,,,,,0.9405946458760446,0.8659662321548544,0.9919184182869945,0.888052321670824,0.9707846954089958,,,,,,,0.9866666666666667,0.995,0.8867009236383441,0.9991720819399428,,,,,,,1.0,0.9515567253033358,0.8310994560923534,0.9727350655299247,6,0.7247726542553192,0.15873015873015872,23,11,0.609729375802094,0.8964172125865582,1,0.8252803411764706,0.013333333333333334,4,0,0.9336993242418167,0.9923434309986136,0.9256646578953391,0.9847043563960933,0.9886578449905482,0.9008718500000001
4,v10-tuned-no-art,0.827712073543533,0.9014898500000001,0.863477,0.8811693142078182,0.7749524399375173,0.7360482817188383,0.8162769074509804,0.6558196559866962,0.871095694744209,0.994133,0.990233,0.985434,0.9947919999325031,0.9872396133514377,0.9970588235294118,0.7402379923482973,0.8101632154074002,0.7922689339171038,0.7571396180772678,61.0,0.00045,0.2031,0.28036,0.00363,ul://ruben-croall/top-10-obb-models-from-scoreboard/v10-tuned-from-v9-tight-5,ul://ruben-croall/datasets/sam3-obb-no-art,v10-tuned-no-art,/home/ruben/halmstad_ws/models/obb/experiments/sam3_hybrid_full/metrics/v10-tuned-no-art.json,0.9579131436149156,0.8321303001640558,0.9782725599885402,4,0.7574255181818181,0.13414634146341464,20,9,0.6558196559866962,0.9039301310043668,0.8616220364703158,0.990938746652138,0.8889511945997396,0.965070101285751,,,,,,,0.9911111111111112,0.995,0.8846581460970813,0.999102324426741,,,,,,,1.0,0.9539639496375167,0.8407485050203866,0.9785053319058692,,,,,,,0.9045226130653267,2,0.8273076764705882,0.013333333333333334,3,0,0.9318843076653562,0.9937199986977507,0.9257024138167053,0.9898999746878524,0.9924385633270322,0.9014898500000001
5,v10-tuned-from-v9-tight-5,0.8127976913096987,0.8865750000000001,0.83611,0.8805331685955222,0.7409612348441866,0.7361033324624833,0.8081146463402162,0.6640920185847502,0.8701190631412541,0.99331,0.98527,0.99244,0.9949410029498525,0.9855339736949912,0.9970588235294118,0.7272348849697445,0.7730992877722951,0.7318828853612505,0.7316278812734563,35.0,0.00045,0.2031,0.28036,0.00363,/nfs/home/rubcro20/halmstad_ws/models/obb/mymodels/baylands-leader-v9-tuned-full.pt,/tmp/baylands_super_75_15_10_tune.yaml,v10-tuned-from-v9-tight-5,/home/ruben/halmstad_ws/models/obb/experiments/sam3_hybrid_full/metrics/v10-tuned-from-v9-tight-5.json,0.9561256470309406,0.8228497492771347,0.9499144053368251,3,0.744542628959276,0.2073170731707317,40,8,0.5901862302725969,0.9110266173593632,0.8405891424667378,0.9912856838810385,0.8661551245785443,0.9689842097310121,2,0.772942208888889,0.09236947791164658,21,0,0.7015459405979474,0.9719663903631536,0.995,0.8514381763550204,0.9990258940633255,0,0.7553797228915663,0.0,0,0,0.7553797228915663,1.0,0.9482849205067791,0.8219135196562518,0.967148412374693,8,0.7381372956989246,0.1746031746031746,23,13,0.6092561805768901,0.887642397446838,2,0.8234863923303835,0.018666666666666668,4,1,0.9313936642164187,0.9933094010948773,0.9247106637221145,0.9886817186702986,0.9907675127227961,0.8865750000000001
6,v8-tune-from-v7a-best,0.8113870704032577,0.88981125,0.84002,0.8871038024777815,0.7295668010956067,0.7283997890479368,0.8122674303294118,0.6445321477664618,0.8722947915979266,0.99327,0.98869,0.99161,0.9949410029498525,0.9931176612674356,1.0,0.7079518087590675,0.7600232013852016,0.7252833938740602,0.7250088003640973,30.0,0.00033,0.25,0.25,0.00188,v8-tune-from-v7a-best,,v8-tune-from-v7a-best,/home/ruben/halmstad_ws/models/obb/experiments/sam3_hybrid_full/metrics/v8-tune-from-v7a-best.json,0.9598006385480471,0.8083772373135972,0.9236335336733349,8,0.7240999684684685,0.2967479674796748,58,7,0.5092247745733538,0.8978684094611139,0.8343179291822035,0.992387443189699,0.8615696707871312,0.9841275472066368,5,0.7712693555555555,0.08032128514056225,15,0,0.7093200097278001,0.9777777777777777,0.995,0.8477669590437216,0.9986109241298845,0,0.7518771445783132,0.0,0,0,0.7518771445783132,1.0,0.9501463110042405,0.8195578495843641,0.9157059992410442,7,0.729247994623656,0.16666666666666666,22,13,0.60770666218638,0.9280209817277196,2,0.8299735323529412,0.021333333333333333,6,0,0.936207058079494,0.9932592426629058,0.9260856925943945,0.988059241838989,0.9924385633270322,0.88981125
7,v9a-tuned-defaults,0.8111048065430215,0.8853737500000002,0.835357,0.8841149114333053,0.7316266233360755,0.7364807823040781,0.8211986624941177,0.6517629021140385,0.8723469830361305,0.993231,0.984645,0.990548,0.9949704142011834,0.9912503281523601,0.9996186218046588,0.7093164610498592,0.7645721948715308,0.7188562240756473,0.7337616133472648,35.0,0.00033,0.25,0.25,0.00188,ul://ruben-croall/uav-assisted-ugv/baylands-leader-v9-tuned-full.pt,ul://ruben-croall/datasets/baylands-final-sam3-obb-dataset,baylands-leader-v9a-tuned-defaults,/home/ruben/halmstad_ws/models/obb/experiments/sam3_hybrid_full/metrics/baylands-leader-v9a-tuned-defaults.json,0.9536110064492214,0.8074088583945527,0.8900801837444727,6,0.7241059058295964,0.2804878048780488,57,6,0.5210030298042219,0.9170305676855895,0.8340085663979817,0.9911199936037466,0.8619972070031403,0.9690979191164046,3,0.7745619244444444,0.0642570281124498,13,0,0.7247908770905845,0.9756580612760569,0.995,0.8441694683447023,0.997985451030962,0,0.7342172168674699,0.0,0,0,0.7342172168674699,1.0,0.9516386059339451,0.8224587318495314,0.9516074528834304,6,0.7418507142857144,0.15476190476190477,23,10,0.6270404846938776,0.8893425202226912,2,0.8278212323529412,0.008,1,0,0.9343251102144895,0.9939263492415327,0.9263111117781879,0.9886921676095467,0.9924385633270322,0.8853737500000002
8,v9b-patient-saveper,0.8103229489410617,0.88660515,0.837639,0.8827907789525267,0.732545817845084,0.7291216216664546,0.8073866786196078,0.6508565647133013,0.8743068598263619,0.993335,0.986805,0.989618,0.9949705014749263,0.9963275889687353,0.9941176470588236,0.7109697775004543,0.7670268947662437,0.7180971812041597,0.7340894179094783,71.0,0.00033,0.25,0.25,0.00188,ul://ruben-croall/uav-assisted-ugv/baylands-leader-v9-tuned-full,ul://ruben-croall/datasets/baylands-final-sam3-obb-dataset,baylands-leader-v9b-patient-saveper,/home/ruben/halmstad_ws/models/obb/experiments/sam3_hybrid_full/metrics/baylands-leader-v9b-patient-saveper.json,0.954604755302957,0.8102796653144111,0.8946070780760902,6,0.7283920672645741,0.2804878048780488,57,6,0.5240869752269496,0.925764192139738,0.8349107990944737,0.9915216932751415,0.865477403124921,0.979749390151253,3,0.776366831111111,0.0642570281124498,13,0,0.7264798058188308,0.9822222222222222,0.995,0.8438665910205648,0.9991314135827696,0,0.7349449277108433,0.0,0,0,0.7349449277108433,1.0,0.9483915476783418,0.820019536917998,0.950941004059355,6,0.7345022010582011,0.15873015873015872,24,10,0.6179145500965819,0.8766529808412068,2,0.824986388235294,0.021333333333333333,6,0,0.9332794346745721,0.9940472781609664,0.9276337144255187,0.9880614751453525,0.994328922495274,0.88660515
9,v7a-ft-nomosaic-lr0002,0.8102739935083375,0.8823868000000001,0.827481,0.8646989976350399,0.7529692945802798,0.7487209146947156,0.8005220877089477,0.6969197416804835,0.8606350197462114,0.993554,0.986802,0.9894,0.995,0.9969924392249999,0.9970588235294118,0.7385630545467204,0.771135108921271,0.7541787941555524,0.7480002206975755,21.0,0.0002,0.0,0.1,1.0,ul://ruben-croall/uav-assisted-ugv/baylands-leader-v6-nomosaic,ul://ruben-croall/datasets/baylands-final-sam3-obb-dataset,baylands-leader-v7a-ft-nomosaic-lr0002,/home/ruben/halmstad_ws/models/obb/experiments/sam3_hybrid_full/metrics/baylands-leader-v7a-ft-nomosaic-lr0002.json,0.978692005527836,0.8441966024647143,0.9814371786500103,1,0.7436539066666666,0.06097560975609756,10,4,0.6983091562601625,0.9606986899563319,0.8540962053623329,0.9922897058508882,0.8667629348745071,0.9684735046429702,1,0.7727638844444444,0.08835341365461848,21,0,0.7044875573047746,0.9822222222222222,0.995,0.8637489861804527,0.9995064939489872,0,0.7336858313253012,0.0,0,0,0.7336858313253012,1.0,0.9633615646165072,0.8416762979296577,0.9589532090912184,6,0.74932191005291,0.13095238095238096,17,10,0.6511964218316957,0.9447236180904522,1,0.8157494100294984,0.018666666666666668,5,1,0.9238425161511837,0.9935745158690081,0.9190882784832843,0.9849570309215236,0.9901894090460932,0.8823868000000001
10,v9-fuller,0.7976237772744741,0.86439275,0.80457,0.8398564283211509,0.7511670947870894,0.7632290135447479,0.8098052554588236,0.7166527716306723,0.8366937677139556,0.9835,0.9815,0.97984,0.995,0.9981199456096503,1.0,0.7269104805753075,0.7810891316711317,0.7652237650246208,0.7314450018772979,36.0,0.00033,0.25,0.25,0.00188,ul://ruben-croall/uav-assisted-ugv/baylands-leader-v9-tuned-full,/datasets/baylands-sam3-obb-all-be3af914/data.yaml,baylands-leader-v9-fuller,/home/ruben/halmstad_ws/models/obb/experiments/sam3_hybrid_full/metrics/baylands-leader-v9-fuller.json,0.9770000908944277,0.8344100066368624,0.9837952981841355,4,0.7451290225225226,0.12601626016260162,20,7,0.6512306497656193,0.9388646288209607,0.8516550002506103,0.9937399399399399,0.8760239994007584,0.9901032232698108,2,0.7869433955555556,0.0321285140562249,6,0,0.7616600736099957,0.9911111111111112,0.995,0.869593210315983,1.0,0,0.7751062289156626,0.0,0,0,0.7751062289156626,0.9981342636829442,0.945422927926284,0.8265927846488375,0.9733919076831714,5,0.7533513736842106,0.0992063492063492,11,9,0.6786141342314119,0.919161715084998,1,0.8229728205882354,0.016,5,0,0.9107330301375981,0.9938613486264357,0.9069052970815396,0.9880211673928563,0.994328922495274,0.86439275
11,v10-1-defaults,0.7914280650405889,0.8737395000000001,0.81455,0.8313138782115764,0.7474172165241828,0.7428579406191544,0.7868991190588235,0.6988167621794854,0.833112571980476,0.99238,0.98776,0.97615,0.995,1.0,0.9937644154092973,0.7545627961395882,0.7642989630566936,0.7398364538355383,0.7309706530649112,61.0,0.01,1.0,0.5,0.0,ul://ruben-croall/uav-assisted-ugv/baylands-leader-v10-tuned-full,/datasets/baylands-sam3-obb-all-be3af914/data.yaml,baylands-leader-v10-1-defaults,/home/ruben/halmstad_ws/models/obb/experiments/sam3_hybrid_full/metrics/baylands-leader-v10-1-defaults.json,0.9881871874594841,0.8540790298195646,0.9798227279150558,4,0.7609528839285715,0.11788617886178862,20,5,0.671247056148374,0.9563318777292577,0.8506548817734918,0.9934701212394225,0.8653505652871742,0.9762544469144158,1,0.7785594444444444,0.04417670682730924,10,0,0.7441652521195894,0.9911111111111112,0.9948809523809524,0.8545756433100921,0.9868940322435544,0,0.7608781325301205,0.04819277108433735,4,0,0.7242093068660183,1.0,0.9575273882535109,0.8286142886771363,0.9638148450404952,6,0.7510120421052631,0.12698412698412698,17,9,0.6556454335839599,0.9246231155778895,1,0.8018673088235294,0.018666666666666668,6,0,0.9052872953277616,0.9929635595166763,0.9050003887430043,0.9904642387611606,0.994328922495274,0.8737395000000001
12,v9-tuned-full,0.7873181214707956,0.8822682500000001,0.830946,0.8530102772433772,0.707996154500568,0.72570242636077,0.8142925050980392,0.6371123476235008,0.834359890091617,0.993084,0.985004,0.99333,0.9949706744868035,0.9970664347638934,0.9996542544876535,0.7008369560051853,0.7416237747095321,0.6843814410675303,0.7051424462200243,35.0,0.00033,0.25,0.25,0.00188,ul://ruben-croall/results-from-tune-session-35-epochs-12-runs/best,ul://ruben-croall/datasets/baylands-final-sam3-obb-dataset,baylands-leader-v9-tuned-full,/home/ruben/halmstad_ws/models/obb/experiments/sam3_hybrid_full/metrics/baylands-leader-v9-tuned-full.json,0.9535637155281467,0.8017026881403334,0.9111898653245789,8,0.7368372331838565,0.3170731707317073,64,6,0.5032059153450728,0.8960708846626286,0.819348265762348,0.9929023888225433,0.8511090904606684,0.9730220327258376,5,0.7770494844444444,0.08835341365461848,17,0,0.7083945099152165,0.9822222222222222,0.995,0.8253153942258985,0.9990560163875671,0,0.7573353414634146,0.03614457831325301,2,1,0.729961774904496,1.0,0.9303231995256751,0.7992658902224917,0.9572466369031315,7,0.7317491481481482,0.17063492063492064,26,10,0.6068871903292181,0.864321608040201,2,0.8297817647058824,0.018666666666666668,5,0,0.9178045690307556,0.9936917366068853,0.9057522714566937,0.9905780922156155,0.993721169089104,0.8822682500000001
13,v9-2-full,0.7859252426094574,0.8096710000000001,0.74168,0.8002341957045479,0.7898822139483969,0.7519307966047191,0.7682308297345132,0.7356307634749251,0.7807630694124518,0.97142,0.96536,0.9403,0.995,0.9941457016538148,0.9989117915752723,0.7876051234221354,0.8230943371798121,0.7807964043820282,0.7680329908096118,39.0,0.00033,0.25,0.25,0.00188,ul://ruben-croall/uav-assisted-ugv/baylands-leader-v9-tuned-full,/datasets/baylands-sam3-obb-generalization-all-f36c8e3f/data.yaml,baylands-generalized-v9-2-full,/home/ruben/halmstad_ws/models/obb/experiments/sam3_hybrid_full/metrics/baylands-generalized-v9-2-full.json,0.9877147848033122,0.871797973398713,0.9631237322836516,2,0.7664239427312776,0.11382113821138211,24,2,0.6791886972171485,0.9650655021834061,0.8758097605633578,0.9932839407288748,0.8982436908420275,0.9823765963447292,0,0.80072184,0.012048192771084338,3,0,0.7910745889156626,0.9909823840858856,0.995,0.8783125235113015,0.9987450110118589,0,0.7902038674698796,0.012048192771084338,1,0,0.780683338946146,1.0,0.9745269990802885,0.8548848545013892,0.9738180593886604,2,0.764373947643979,0.09523809523809523,14,8,0.691576428820743,0.9345300253411923,1,0.7786123274336282,0.013333333333333334,3,1,0.8883801465391737,0.9931983026130834,0.8747894774571805,0.9886251463217199,0.9857840941702888,0.8096710000000001
14,v10-tuned-from-v9-tight-3,0.7812843593116171,0.88802475,0.8375,0.8501751368681821,0.6892650384841232,0.7371278425149206,0.8086567066666668,0.6655989783631744,0.8375304576545319,0.99369,0.98978,0.99055,0.9949705014749263,0.9962720024233735,0.9941176470588236,0.6905964962218527,0.722040028142686,0.6790316798845614,0.665391949687393,35.0,0.00026,0.29548,0.32,0.00037,/nfs/home/rubcro20/halmstad_ws/models/obb/mymodels/baylands-leader-v9-tuned-full.pt,/tmp/baylands_super_75_15_10_tune.yaml,v10-tuned-from-v9-tight-3,/home/ruben/halmstad_ws/models/obb/experiments/sam3_hybrid_full/metrics/v10-tuned-from-v9-tight-3.json,0.9555717240390815,0.8054659113432301,0.9762393029461751,2,0.738683707762557,0.18292682926829268,33,10,0.6035586392694063,0.9126637554585153,0.8093196947725101,0.990497169387409,0.8389407290485189,0.9571043013503763,3,0.7590156222222222,0.060240963855421686,12,0,0.7132917895582329,0.9867256637168141,0.985,0.8186399628187632,1.0,0,0.7473332289156627,0.024096385542168676,2,0,0.7293251993032371,0.9878169258816958,0.9113746573900794,0.7742321758795282,0.9257458664631047,4,0.7290493516483516,0.15476190476190477,18,17,0.616220285321821,0.8894472361809045,0,0.8195845,0.013333333333333334,3,2,0.9153352728736465,0.9937011680053401,0.9070079175333641,0.9904370159848491,0.9905482041587902,0.88802475
15,v10-tuned-full-2,0.7805650027939933,0.86771575,0.80638,0.8460340809248971,0.7040543858716952,0.7279263132269632,0.8146913167058824,0.6411613097480441,0.8312869100109028,0.99294,0.99049,0.98451,0.994911329359348,0.9938706043428965,0.9911764705882353,0.6971089284332528,0.7420321301488482,0.6827340520523184,0.6943424328523615,121.0,0.00045,0.2031,0.28036,0.00363,ul://ruben-croall/results-from-tune-session-35-epochs-12-runs/best-2,/datasets/baylands-final-sam3-obb-dataset-883477dc/data.yaml,baylands-leader-v10-tuned-full-2,/home/ruben/halmstad_ws/models/obb/experiments/sam3_hybrid_full/metrics/baylands-leader-v10-tuned-full-2.json,0.9495995393610125,0.8038570422169542,0.9428268222174636,4,0.7332373139013453,0.27235772357723576,57,6,0.5335344682452878,0.9082969432314411,0.8189344461708445,0.9912494524295953,0.8503101016110781,0.9660920620995929,2,0.7756342133333333,0.10441767068273092,24,0,0.6946442954752342,0.9822222222222222,0.995,0.824476993862336,1.0,0,0.7448663253012049,0.0,0,0,0.7448663253012049,0.9998217682237389,0.9331232267167393,0.7970936469930099,0.972111051244391,11,0.7344001861702129,0.19444444444444445,27,11,0.5916001499704493,0.87579705637616,2,0.8257006588235294,0.013333333333333334,3,0,0.9123645414030881,0.9927660910201452,0.9032895442014487,0.9837918711713204,0.994328922495274,0.86771575
16,v8b-tinymosaic,0.7759536197427424,0.8808303500000001,0.827053,0.827728911029034,0.7032479010432314,0.7463354441454605,0.7970263244339251,0.6956445638569959,0.8251605846166206,0.993781,0.988687,0.984877,0.995,0.9994694409244995,0.9941002949852508,0.6821377662317752,0.7157002515816765,0.6844710564939587,0.7306825298655154,25.0,0.0002,0.05,0.12,1.0,ul://ruben-croall/uav-assisted-ugv/baylands-leader-v7a-ft-nomosaic-lr0002,ul://ruben-croall/datasets/baylands-final-sam3-obb-dataset,baylands-leader-v8b-tinymosaic,/home/ruben/halmstad_ws/models/obb/experiments/sam3_hybrid_full/metrics/baylands-leader-v8b-tinymosaic.json,0.9692261775367754,0.8082709271201286,0.9530373184448985,1,0.7280943822222222,0.07723577235772358,14,4,0.6718594502619692,0.9596412556053812,0.8245337624964263,0.9781093591625577,0.8317403528142273,0.9646111054619765,1,0.7713653733333333,0.07630522088353414,18,0,0.7125061681392235,0.9734815471039732,0.995,0.8253528457251138,0.9989376465343642,0,0.737705578313253,0.0,0,0,0.737705578313253,1.0,0.9677700857179695,0.8327709243262353,0.9527802369311587,5,0.7397679057591623,0.10714285714285714,14,8,0.6605070587135378,0.9470899470899471,1,0.8144001952662722,0.021333333333333333,5,2,0.9033128894062062,0.9939359229985966,0.8995874338911124,0.9867910568207692,0.9885521471344992,0.8808303500000001
17,v7b-ft-mosaic010,0.773365302569022,0.8781546,0.820131,0.8216767873234346,0.7048485475660564,0.7490065662535657,0.7929037798623403,0.7051093526447911,0.8152296065979063,0.993268,0.981327,0.993465,0.9948823529411764,0.9986723149766886,0.9852507374631269,0.6802264087860102,0.7329340525270168,0.6894262762065997,0.7168074527445992,26.0,0.0003,0.1,0.15,2.0,ul://ruben-croall/uav-assisted-ugv/baylands-leader-v6-nomosaic,ul://ruben-croall/datasets/baylands-final-sam3-obb-dataset,baylands-leader-v7b-ft-mosaic010,/home/ruben/halmstad_ws/models/obb/experiments/sam3_hybrid_full/metrics/baylands-leader-v7b-ft-mosaic010.json,0.9689094305842303,0.8085747092732726,0.9470417276358282,0,0.7428925803571429,0.056910569105691054,9,5,0.7006141408246226,0.9730941704035875,0.827001657339145,0.986900187236636,0.8450296840067464,0.9788413195527415,2,0.7666701288888889,0.040160642570281124,8,0,0.7358801638732708,0.9776785714285714,0.995,0.8280129206163602,1.0,0,0.7417619759036145,0.024096385542168676,2,0,0.7238881933517202,0.9988564580182026,0.9677411576578326,0.826389315460201,0.9675190598341313,3,0.7425617765957447,0.1111111111111111,14,11,0.6600549125295508,0.9456338595712787,1,0.8146271710914454,0.02666666666666667,8,1,0.8985535457332623,0.9933747123296938,0.894272996109248,0.9807243164016963,0.994328922495274,0.8781546
18,v6-nomosaic,0.7722271745910234,0.88021235,0.824114,0.8286038362984067,0.6961159179878977,0.7330347696097618,0.8011809347534516,0.6648886044660719,0.8212785371598367,0.993898,0.981232,0.992439,0.9949703264094955,0.995529029090958,0.9911504424778761,0.6796985723644451,0.7133869574010959,0.6837104393437471,0.7076677028423026,26.0,0.0005,0.0,0.15,2.0,ul://ruben-croall/uav-assisted-ugv/baylands-leader-v5-2,ul://ruben-croall/datasets/baylands-final-sam3-obb-dataset,baylands-leader-v6-nomosaic,/home/ruben/halmstad_ws/models/obb/experiments/sam3_hybrid_full/metrics/baylands-leader-v6-nomosaic.json,0.9565135469726497,0.798319223188299,0.9133733056277377,1,0.7246420355555555,0.14227642276422764,30,4,0.6215425589521227,0.9456331228703367,0.819569236270982,0.9884751016810917,0.8342294215680126,0.9819809275055951,1,0.747532808888889,0.060240963855421686,14,0,0.7025007119678716,0.9731565460708794,0.995,0.8249268122870533,0.9988607064799235,0,0.7243360722891566,0.012048192771084338,1,0,0.7156091316591667,1.0,0.9649155426156111,0.8208014880405632,0.9495034930338091,6,0.7299780740740741,0.15079365079365079,22,10,0.6199020152851265,0.9576719576719577,1,0.8120077041420117,0.013333333333333334,2,2,0.9029516445268,0.9939747856267549,0.8973379847008073,0.9854115538896392,0.9886578449905482,0.88021235
19,v7e-imgsz768-nomosaic,0.7700514853697672,0.8770536499999999,0.821835,0.8244719511803613,0.6946280610396806,0.7373578597471644,0.7997168863716815,0.6749988331226474,0.8213670974098575,0.991377,0.975575,0.98157,0.9933213290920181,0.9819845654493146,0.9970501474926253,0.6868124077917559,0.7057730950349644,0.6683855678232277,0.7175411735087743,38.0,0.00015,0.0,0.1,1.0,ul://ruben-croall/uav-assisted-ugv/baylands-leader-v6-nomosaic,ul://ruben-croall/datasets/baylands-final-sam3-obb-dataset,baylands-leader-v7e-imgsz768-nomosaic,/home/ruben/halmstad_ws/models/obb/experiments/sam3_hybrid_full/metrics/baylands-leader-v7e-imgsz768-nomosaic.json,0.9735847560089789,0.8100343724549003,0.9676421964778255,4,0.7194357264573991,0.14227642276422764,25,6,0.6170769848882569,0.9387091821323744,0.816276708522588,0.9854946348872722,0.8252317095779731,0.9665400890271671,2,0.7685925848214286,0.09236947791164658,20,1,0.6975980890347102,0.9553571428571429,0.9945294117647058,0.8138730883870944,0.9735514373137785,0,0.7597004878048781,0.03614457831325301,2,1,0.7322414340287982,1.0,0.9536427250172577,0.8159676636703844,0.9399280569075904,6,0.7480721081081081,0.12698412698412698,12,14,0.6530788245388245,0.910657783642319,0,0.8216269380530974,0.02666666666666667,9,1,0.8998798176364275,0.9918027038608025,0.8953866117666627,0.9720764505855598,0.9871101490701639,0.8770536499999999
20,v6-025mosaic,0.7680959086376218,0.8861764000000001,0.832828,0.8290543769034142,0.6860768994753228,0.7161172421472237,0.8047541125663717,0.6274803717280757,0.8291569846258335,0.992627,0.988759,0.988658,0.9949408284023668,0.9941117236912754,0.9960431750094497,0.6812364521522293,0.7101000877709738,0.6454569866969605,0.7075140712811279,94.0,0.0005,0.25,0.15,2.0,ul://ruben-croall/uav-assisted-ugv/baylands-leader-v5-2,ul://ruben-croall/datasets/baylands-final-sam3-obb-dataset,baylands-leader-v6-025mosaic,/home/ruben/halmstad_ws/models/obb/experiments/sam3_hybrid_full/metrics/baylands-leader-v6-025mosaic.json,0.9691750218278696,0.8028697209621393,0.9444435401149401,6,0.7253210309734514,0.33739837398373984,74,3,0.48059889450679905,0.9327354260089686,0.8110331183660544,0.979622424572599,0.8300939457339143,0.9763226968821602,3,0.7586088311111111,0.08433734939759036,18,0,0.6946297730655957,0.9732142857142857,0.995,0.8039322834715177,0.9993094078818928,0,0.7475269759036145,0.0,0,0,0.7475269759036145,1.0,0.9453692200130474,0.8072365232966463,0.917283527878292,6,0.7361482216216216,0.20238095238095238,31,14,0.5871658434362935,0.9153439153439153,0,0.8156291681415929,0.013333333333333334,4,1,0.9037857215978963,0.992872735965812,0.9022886129536979,0.9881193971727206,0.9924385633270322,0.8861764000000001
21,v8a-noearlystop,0.7678417800329136,0.8793279,0.825384,0.8271653868942124,0.6984753865737175,0.6861257062971691,0.7745282311746032,0.597723181419735,0.8241819736628363,0.993431,0.984796,0.979521,0.9947362168748097,0.9881965186317778,0.9878565618483571,0.6940283569788366,0.7183611578209954,0.6951476456031972,0.6863643858918409,65.0,0.00015,0.0,0.1,1.0,ul://ruben-croall/uav-assisted-ugv/baylands-leader-v7a-ft-nomosaic-lr0002,ul://ruben-croall/datasets/baylands-final-sam3-obb-dataset,baylands-leader-v8a-noearlystop,/home/ruben/halmstad_ws/models/obb/experiments/sam3_hybrid_full/metrics/baylands-leader-v8a-noearlystop.json,0.9492898393097915,0.7990179598358772,0.9156995617367539,6,0.7248793392857144,0.4024390243902439,88,5,0.43315960518292684,0.905829596412556,0.81198956846754,0.9792805976070302,0.8312359448949747,0.9563833142916404,4,0.7695304977578475,0.12048192771084337,24,2,0.6768159799556973,0.9642857142857143,0.993921332388377,0.8286424760218261,0.9752700446239212,0,0.7544075121951219,0.07228915662650602,5,1,0.699872029385836,1.0,0.9280968378399643,0.789061893117482,0.9260877997564326,9,0.7248681584699453,0.1984126984126984,25,16,0.58104511115448,0.8888888888888888,0,0.8090475952380952,0.042666666666666665,12,4,0.9008863423072101,0.9929562721804697,0.8969547222484642,0.9818247492540942,0.9792060491493384,0.8793279
22,v7c-ft-mosaic025-lowerase,0.7662582704826827,0.88237495,0.828671,0.822684678379496,0.6908141825893217,0.7139810130564697,0.8015404138540434,0.6264216122588958,0.8247859750995173,0.992585,0.988631,0.986272,0.9949698795180723,0.9968532996150595,0.9910179640718563,0.6866025509870728,0.7208594389689712,0.6599134410940687,0.6958812993071739,25.0,0.0002,0.25,0.15,2.0,ul://ruben-croall/uav-assisted-ugv/baylands-leader-v6-025mosaic,ul://ruben-croall/datasets/baylands-final-sam3-obb-dataset,baylands-leader-v7c-ft-mosaic025-lowerase,/home/ruben/halmstad_ws/models/obb/experiments/sam3_hybrid_full/metrics/baylands-leader-v7c-ft-mosaic025-lowerase.json,0.9587639632143445,0.8048793086820458,0.9675967824120358,6,0.7293623230088495,0.34959349593495936,77,3,0.47438199870494274,0.9249028983672216,0.8127409325189321,0.9931428395465737,0.8399784125841456,0.9833337444005341,3,0.7613367822222222,0.07228915662650602,15,0,0.7063003883266399,0.9769585253456221,0.995,0.8118880107240907,0.9993561812235288,0,0.7513699759036145,0.0,0,0,0.7513699759036145,1.0,0.9232178356008551,0.7942179980854462,0.9519078017611667,8,0.7300797459459459,0.21428571428571427,32,14,0.5736340861003861,0.8776595744680851,0,0.8167871065088758,0.018666666666666668,5,2,0.8998085735846217,0.9931579222580641,0.8993779729713849,0.9902430247253248,0.9872653316167,0.88237495
23,v10-tuned-again,0.7635612228934942,0.87723175,0.81967,0.8456543669454163,0.6678665173167615,0.672964767071903,0.8133481731764706,0.5325813609673355,0.8309687942795414,0.99401,0.99053,0.98839,0.9949705014749263,0.9936373796083567,0.9970588235294118,0.6610143926909442,0.7186778579411326,0.6363804233517314,0.6553933952832379,103.0,0.00045,0.2031,0.28036,0.00363,ul://ruben-croall/results-from-tune-session-35-epochs-12-runs/best-2,/datasets/baylands-final-sam3-obb-dataset-883477dc/data.yaml,baylands-leader-v10-tuned-again,/home/ruben/halmstad_ws/models/obb/experiments/sam3_hybrid_full/metrics/baylands-leader-v10-tuned-again.json,0.9175679779717386,0.7607686565656464,0.8400282184717451,10,0.735620907079646,0.6300813008130082,142,3,0.27211992904165766,0.8646288209606987,0.7899984037940218,0.9932278463289795,0.8378220216154052,0.9790363048198623,4,0.7714537866666666,0.12048192771084337,26,0,0.678507547309237,0.9733333333333334,0.9940003971931684,0.7957971789451371,0.9879509557871377,0,0.7555301927710844,0.03614457831325301,3,0,0.7282218725504428,0.9879518072289156,0.9071852162892059,0.7656057580498985,0.925528591465808,17,0.7066582356020942,0.3611111111111111,66,8,0.45147609496800456,0.874329921597971,1,0.8243393647058823,0.013333333333333334,4,0,0.9130265636052116,0.9938336314234649,0.9031645654610347,0.9831663522409131,0.9936557806566844,0.87723175
24,v10-tuned-full,0.762732279765951,0.8810340000000001,0.82582,0.8271057571034598,0.6729705704191584,0.7241298942268866,0.7978797224156862,0.650380066038087,0.8326954846958807,0.99345,0.99058,0.99391,0.995,0.9992745250582463,0.9911764705882353,0.690063358016866,0.6991317494846072,0.6382836977211019,0.6644034764540583,120.0,0.00045,0.31857,0.31988,0.00536,ul://ruben-croall/uav-assisted-ugv/baylands-leader-v9-tuned-full,/datasets/baylands-final-sam3-obb-dataset-5428038c/data.yaml,baylands-leader-v10-tuned-full,/home/ruben/halmstad_ws/models/obb/experiments/sam3_hybrid_full/metrics/baylands-leader-v10-tuned-full.json,0.9530452843817623,0.8032580389370403,0.9674700698325516,4,0.7336824389140272,0.23577235772357724,46,8,0.5607004004708825,0.909114187787709,0.8021126747782148,0.9928291987890984,0.8278965569216556,0.9735884665475106,1,0.7533210533333334,0.05622489959839357,13,0,0.7109656527443107,0.9829960552836725,0.9947647058823529,0.7981773438408054,1.0,0,0.7397818192771084,0.012048192771084338,1,0,0.7308687853099143,0.9877891261181915,0.9307230198008296,0.7791187594133578,0.994151880293418,6,0.7187825107526882,0.16666666666666666,23,13,0.5989854256272402,0.8542470358274539,1,0.8130567823529411,0.018666666666666668,6,0,0.9025120895009628,0.9938281407844052,0.9046366728347589,0.9902274359608852,0.9924385633270322,0.8810340000000001
25,v9-1-default,0.7590595734928846,0.80814,0.73599,0.7222564339526507,0.819697261334787,0.735511367470163,0.712318991066271,0.7587037438740551,0.7228588726581011,0.95226,0.97545,0.93284,0.9948520710059169,0.9966540844130037,0.9911764705882353,0.8195732260551173,0.8352506373817736,0.8232862405607241,0.8006789413415334,100.0,0.01,1.0,0.5,0.0,ul://ruben-croall/uav-assisted-ugv/baylands-leader-v9-tuned-full,ul://ruben-croall/datasets/baylands-sam3-obb-generalization-all,baylands-generalized-v9-1-default,/home/ruben/halmstad_ws/models/obb/experiments/sam3_hybrid_full/metrics/baylands-generalized-v9-1-default.json,0.9938154792067836,0.8956481935319939,0.9808488886250597,3,0.7891234716157205,0.07723577235772358,16,0,0.7281749107998722,0.9868995633187773,0.8950305218434881,0.9938167159622173,0.905579670411962,0.9955119766994787,1,0.8033981777777778,0.008032128514056224,1,0,0.7969451803659081,0.9858485265973002,0.995,0.9016945619086078,0.9988712960020955,0,0.8137132682926829,0.03614457831325301,2,1,0.7843019453423449,1.0,0.9779159668733868,0.8771996615213888,0.9501189462997364,2,0.7811923958333334,0.07142857142857142,9,7,0.7253929389880953,0.9748743718592965,0,0.7258685370919881,0.018666666666666668,4,3,0.844553331904677,0.9933003232068182,0.8431931848534611,0.980949557510869,0.9924385633270322,0.80814
26,v8c-mildgeometric,0.7567624214080595,0.8801333,0.823382,0.824201655839941,0.6552972415257201,0.7417944174608398,0.7975289931992109,0.6860598417224688,0.8232018515583664,0.993357,0.986121,0.990548,0.9948222124670764,0.9902929773408229,0.9941002949852508,0.6566555605313193,0.6787301685060149,0.6360509727964553,0.6497522642690912,56.0,0.0002,0.0,0.16,2.0,ul://ruben-croall/uav-assisted-ugv/baylands-leader-v7a-ft-nomosaic-lr0002,ul://ruben-croall/datasets/baylands-final-sam3-obb-dataset,baylands-leader-v8c-mildgeometric,/home/ruben/halmstad_ws/models/obb/experiments/sam3_hybrid_full/metrics/baylands-leader-v8c-mildgeometric.json,0.9626931347240314,0.7896422159495072,0.9603271681113003,1,0.7247014537037038,0.0975609756097561,10,13,0.6539988728545619,0.9327354260089686,0.7931756986144973,0.9787947201150563,0.8108653301056157,0.9602981503505251,2,0.7510167072072071,0.028112449799196786,2,3,0.7299037877274864,0.9718331891282914,0.995,0.798758856105837,0.9993082106778651,0,0.7178226144578312,0.0,0,0,0.7178226144578312,1.0,0.9186847026408196,0.7734363922970293,0.9769643847729583,2,0.7326405029239766,0.12301587301587301,1,28,0.6425140918499954,0.8975951196237956,1,0.8126993816568047,0.018666666666666668,4,2,0.9004196951872527,0.9933224601157927,0.8982894015658299,0.9884876831222374,0.9867674858223062,0.8801333
27,v7d-color-robust,0.7530696502108383,0.8801177,0.824452,0.8246279805163548,0.6630334664997394,0.6748014570356992,0.7884864098461539,0.5611165042252444,0.8231046656956694,0.991735,0.979029,0.990548,0.9949705014749263,0.9970480066439893,0.9963265406536455,0.6740538739677372,0.6901772325282209,0.6356142465165322,0.6522885129864673,73.0,0.0003,0.05,0.2,3.0,ul://ruben-croall/uav-assisted-ugv/baylands-leader-v6-nomosaic,ul://ruben-croall/datasets/baylands-final-sam3-obb-dataset,baylands-leader-v7d-color-robust,/home/ruben/halmstad_ws/models/obb/experiments/sam3_hybrid_full/metrics/baylands-leader-v7d-color-robust.json,0.9364653004059084,0.7827633529668329,0.8897863987718024,9,0.7229574444444444,0.5365853658536586,119,4,0.3350290596205962,0.9050801488414366,0.7926076692425058,0.9839859001275181,0.8163389315701053,0.9262284508265158,2,0.7439588616071429,0.12449799196787148,28,1,0.65133747723035,0.9821428571428571,0.995,0.7984937858121084,0.9990595022801562,0,0.7215288313253012,0.012048192771084338,1,0,0.7128357128755988,1.0,0.9407949768150272,0.7728346066209767,0.9280647407478662,6,0.71195061827957,0.23412698412698413,40,13,0.5452637671744325,0.8874030336041842,3,0.8123142958579882,0.029333333333333333,6,2,0.9016932713414262,0.9920770012249586,0.897391900488103,0.9830451292626494,0.9864294745615212,0.8801177
28,v6,0.7442888775055893,0.8185270000000001,0.746239,0.7671679625425212,0.7157288606391832,0.7393429313774056,0.7623601533608652,0.716325709393946,0.7560661628592458,0.949515,0.96513,0.965517,0.995,0.9989863143048057,0.9911764705882353,0.696986037925483,0.7448532050319496,0.7368167223776049,0.6842594772216952,75.0,0.001,0.5,0.25,3.0,ul://ruben-croall/uav-assisted-ugv/baylands-leader-v5-2,ul://ruben-croall/datasets/baylands-sam3-obb-dataset-mini-final,baylands-leader-v6,/home/ruben/halmstad_ws/models/obb/experiments/sam3_hybrid_full/metrics/baylands-leader-v6.json,0.9609311058580136,0.8121320690275895,0.9682389617721203,1,0.7439663883928571,0.06910569105691057,11,5,0.6925540769998548,0.9318642054650599,0.82812962671779,0.982752193721188,0.8506468295932772,0.9774571215226379,1,0.7723115067264574,0.040160642570281124,7,2,0.7412949803519009,0.9778761061946902,0.9947647058823529,0.8523594148978367,0.9996450532934607,0,0.7611780361445784,0.0,0,0,0.7611780361445784,0.9879518072289156,0.9474922998243551,0.7973801933524566,0.9586062895585408,2,0.7408310855614973,0.09523809523809523,10,12,0.67027574407945,0.9045226130653267,1,0.7768615693215338,0.018666666666666668,5,1,0.8695174814171026,0.9938308264438778,0.8600073077843198,0.97928820289877,0.9831728842205465,0.8185270000000001
29,baylands-sam3-yolo26s,0.7315261225789084,0.8085592500000001,0.74152,0.7713010334812446,0.6945606767630231,0.6719242064529014,0.7480546884139304,0.5957937244918725,0.7575867335317645,0.93688,0.96356,0.93103,0.9845633588314701,0.9898422518712536,0.9735294117647059,0.6690486140013189,0.7157621722370263,0.7066731709577639,0.6867587498559833,100.0,0.003,0.5,0.25,3.0,ul://ultralytics/yolo26/yolo26s-obb,/datasets/baylands-sam3-obb-dataset-mini-final-a1d6bc24/data.yaml,baylands-sam3-yolo26s,/home/ruben/halmstad_ws/models/obb/experiments/sam3_hybrid_full/metrics/baylands-sam3-yolo26s.json,0.9083414033325299,0.7643150522511089,0.8668931544629549,8,0.7182935,0.4796747967479675,109,1,0.3737462113821138,0.8532047895838798,0.8055819276046152,0.982653968920812,0.8329820653790203,0.9744874353116009,2,0.7608164343891403,0.04819277108433735,6,4,0.7241505821294226,0.9688888888888889,0.9888056687120782,0.832088395864823,0.9649265181967306,0,0.7458804216867471,0.04819277108433735,4,0,0.7099343772681086,0.9944291085064273,0.9299514038469618,0.7929421969235085,0.9280244292930524,7,0.7249330962566845,0.20634920634920634,33,12,0.5753437271878449,0.9095477386934674,0,0.7813941731343284,0.042666666666666665,11,5,0.8661418771328098,0.9800638223358185,0.856717580067754,0.985689741619005,0.9697542533081286,0.8085592500000001
30,baylands-sam3-yolo26n,0.6745687519132528,0.7779090000000001,0.68849,0.7090751023894357,0.6348759273278193,0.6442938127327007,0.6919554115987842,0.5966322138666171,0.7102842903589324,0.93123,0.96239,0.94828,0.9887895376956273,0.9598536465637328,0.961764705882353,0.553601533038851,0.7423668949929357,0.7262032414497945,0.5173320398296961,90.0,0.005,0.5,0.35,3.0,ul://ultralytics/yolo26/yolo26n-obb,/datasets/baylands-sam3-obb-dataset-mini-final-b1eb3fea/data.yaml,baylands-sam3-yolo26n,/home/ruben/halmstad_ws/models/obb/experiments/sam3_hybrid_full/metrics/baylands-sam3-yolo26n.json,0.7815394023406248,0.6495366881523638,0.6925178279623171,3,0.7032937971014493,0.3943089430894309,72,22,0.4259787632850242,0.7966412114442611,0.745749162166406,0.9793969873555356,0.8434296714009775,0.9726005578544016,0,0.7682239194312797,0.07228915662650602,4,14,0.7126896601952836,0.9465895059887702,0.9833835978835979,0.8373982548115061,0.967314391843874,0,0.7723842222222222,0.04819277108433735,2,2,0.7351608862115128,0.963855421686747,0.8250312490660138,0.6526320343007765,0.9084866630236994,1,0.6835993943661971,0.25,5,57,0.5126995457746478,0.7482966418591394,0,0.733003613981763,0.056,10,11,0.8279992843920414,0.977809455671385,0.8254254649117411,0.9686316871143121,0.9489603024574669,0.7779090000000001
31,v5-3,0.6632233260036396,0.8198453500000001,0.75439,0.651831168360642,0.6451652573280721,0.6865246017652548,0.7124566178957719,0.6605925856347377,0.6328097463431026,0.971685,0.965223,0.942857,0.9949408284023668,0.9911941239391113,0.9931830681378053,0.627626689787059,0.6878424093494109,0.6866162982314491,0.5785756319443693,151.0,0.01,1.0,0.5,0.0,ul://ruben-croall/uav-assisted-ugv/baylands-leader-v5-2,ul://ruben-croall/datasets/baylands-obb-dataset-art-v1,baylands-leader-v5-3,/home/ruben/halmstad_ws/models/obb/experiments/sam3_hybrid_full/metrics/baylands-leader-v5-3.json,0.9464187432379568,0.7660384633266287,0.940054501433164,0,0.7264606547085202,0.12601626016260162,25,6,0.6349147998468774,0.9170305676855895,0.7864655688022376,0.9881826609275948,0.8179286811833322,0.9646441256765008,1,0.7505843452914799,0.11646586345381527,26,2,0.6631668914221911,0.9700960752532478,0.995,0.8265512262349679,0.999122622076708,0,0.7309216144578313,0.012048192771084338,1,0,0.7221153299462911,1.0,0.9314352041496432,0.7353439044640218,0.9365433641644879,1,0.6937507830687831,0.10317460317460317,15,10,0.6221733213235913,0.914572864321608,1,0.7220844100294985,0.013333333333333334,3,1,0.8055921808934086,0.993053136167599,0.7932346534810905,0.982799890102819,0.9886578449905482,0.8198453500000001
32,v5-1,0.441096271212123,0.8008322,0.706869,0.38065441807200573,0.4254575673644647,0.5020473450215781,0.5099666179635585,0.49412807207959764,0.3816290012158656,0.972454,0.950814,0.961217,0.9860709805145726,0.9812265950165042,0.9223582447474296,0.4403560126265842,0.45688095076494284,0.508332217532969,0.29626108853336286,51.0,0.01,1.0,0.9,10.0,ul://ruben-croall/uav-assisted-ugv/baylands-leader-v5,ul://ruben-croall/datasets/baylands-obb-dataset-subset-v1,baylands-leader-v5-1,/home/ruben/halmstad_ws/models/obb/experiments/sam3_hybrid_full/metrics/baylands-leader-v5-1.json,0.9106817056656346,0.6318043871862575,0.8498315613907693,4,0.6221153886462882,0.35772357723577236,84,0,0.39957004636631527,0.8165938864628821,0.6453671259873851,0.9582923111975452,0.6782292416890949,0.8995292319553393,1,0.6261063627906976,0.11244979919678715,17,10,0.555700828019053,0.9688888888888889,0.9926450883305825,0.7229926867356373,0.98778132470873,0,0.6396013636363637,0.08433734939759036,1,6,0.5856590799561885,0.974018779703432,0.8579307860244012,0.5484421883385506,0.8426419123429068,9,0.5129287297297297,0.15079365079365079,15,14,0.43558233397683394,0.864321608040201,1,0.5760165112540193,0.11466666666666667,13,29,0.6430505222562826,0.9803193575454121,0.6409407951595537,0.9482062506121903,0.9344023194701744,0.8008322
33,v5-2,0.4249173241142433,0.7985306000000001,0.70874,0.3585042629910679,0.4080370991014145,0.4990342108276765,0.4989270546666667,0.4991413669886863,0.3655676429429201,0.968038,0.960448,0.939123,0.9711467377618241,0.9687434998160637,0.9115695474187596,0.4347101505382609,0.4365028794164466,0.48673901122529595,0.27419635522565455,10.0,0.01,1.0,0.9,10.0,ul://ruben-croall/uav-assisted-ugv/baylands-leader-v5,ul://ruben-croall/datasets/baylands-obb-dataset-subset-v1,baylands-leader-v5-2,/home/ruben/halmstad_ws/models/obb/experiments/sam3_hybrid_full/metrics/baylands-leader-v5-2.json,0.9303397314010459,0.6425944608754761,0.879804649660027,1,0.6100228914027149,0.21544715447154472,44,8,0.47859519528749583,0.8630364455548055,0.6385122924332031,0.9613805350377617,0.6659467578624139,0.9295046294778515,1,0.6076672167487684,0.1285140562248996,9,22,0.529573437889489,0.9376240281868714,0.9904172938215199,0.7059479774633839,0.9919420710348033,0,0.618873581081081,0.12048192771084337,1,9,0.5443104990231195,0.9397590361445783,0.8510985643403928,0.5395599735315384,0.8784088012991916,0,0.5086807118644068,0.12698412698412698,10,22,0.44408633575464085,0.8712759010628707,1,0.563547125,0.11466666666666667,6,36,0.6250164742918726,0.975072186832486,0.6283175193187246,0.9637927744160749,0.9057440059467591,0.7985306000000001
34,v4-1,0.4237236037473752,0.7818514999999999,0.69707,0.35516784706433696,0.4059637383976361,0.5210376412925095,0.5148539965010617,0.5272212860839572,0.35892255751685476,0.94523,0.93926,0.91253,0.9834013535108511,0.9726081194258155,0.9398978377381053,0.44239291069715597,0.43689310056024383,0.4791535839587911,0.26541535837435354,100.0,0.01,1.0,0.5,0.0,ul://ultralytics/yolo26/yolo26n-obb,/datasets/baylands-obb-dataset-v1-3ab9540f/data.yaml,baylands-leader-v4-1,/home/ruben/halmstad_ws/models/obb/experiments/sam3_hybrid_full/metrics/baylands-leader-v4-1.json,0.9366074175685576,0.6578830999552195,0.9100097407335604,1,0.6110930318181819,0.13008130081300814,22,9,0.5316012553215078,0.9082969432314411,0.6410791435916499,0.9764968644914013,0.6742505234994638,0.9599327862638279,1,0.610903287735849,0.08433734939759036,7,13,0.5593813237099341,0.9511111111111111,0.993043423694779,0.7085222910579326,0.9879027091107231,0,0.6220252894736842,0.0963855421686747,1,7,0.5620710447051364,0.9839257615371292,0.8237808444448229,0.5236606598539835,0.8914327134010384,0,0.5128104606741573,0.1111111111111111,7,21,0.45583152059925086,0.8252184834601369,1,0.5612507229299364,0.08266666666666667,4,26,0.6302680741908528,0.9817618502266677,0.6306568755814123,0.9653793065984254,0.9357277882797732,0.7818514999999999
35,v4,0.4189678958631587,0.7660272499999999,0.67547,0.35046711403368674,0.40008891097696264,0.536795757060627,0.5266454869236948,0.5469460271975591,0.352443203963913,0.93611,0.95152,0.89206,0.9905714177612691,0.9909489322519148,0.9660392774778719,0.4266857157999201,0.4314303181799765,0.4716628891913592,0.2705767207365949,100.0,0.01,1.0,0.5,0.0,ul://ultralytics/yolo26/yolo26n-obb,/datasets/baylands-obb-dataset-v2-d3c0c213/data.yaml,baylands-leader-v4,/home/ruben/halmstad_ws/models/obb/experiments/sam3_hybrid_full/metrics/baylands-leader-v4.json,0.942816800087976,0.6557927745935659,0.949976857331762,2,0.6117239545454546,0.11788617886178862,18,9,0.5396101550258685,0.9170305676855895,0.6422341255111685,0.9861155054065964,0.6765447784065582,0.973683356595852,2,0.6068581955555555,0.03614457831325301,7,0,0.5849235619812584,0.9644444444444444,0.995,0.7080575382655203,0.996429492102727,0,0.6166183000000001,0.03614457831325301,0,3,0.5943308915662652,1.0,0.8214227832339588,0.5285414107790299,0.8844974447025814,1,0.516016218579235,0.09126984126984126,6,16,0.4689195002168445,0.8465994217123525,1,0.5516537921686747,0.04533333333333334,8,8,0.6348719811176539,0.9801230190875163,0.6283552428903708,0.9642638539933168,0.947069943289225,0.7660272499999999
36,v5-4,0.41523452606740174,0.5694565,0.47163,0.3846543765726368,0.42277922293417797,0.47004328582752875,0.5176405968461538,0.42244597480890367,0.3858155840094606,0.75964,0.76844,0.75395,0.9889969240088938,0.9725287156273018,0.95,0.47347983974240987,0.4228990168471386,0.5012959152659797,0.2934421198811836,104.0,0.01,1.0,0.5,0.0,ul://ruben-croall/uav-assisted-ugv/baylands-leader-v43,/datasets/baylands-obb-dataset-final-d75b94af/data.yaml,baylands-leader-v5-4,/home/ruben/halmstad_ws/models/obb/experiments/sam3_hybrid_full/metrics/baylands-leader-v5-4.json,0.9231433671163455,0.6708903455051347,0.8893697348527054,1,0.6359161835748792,0.13414634146341464,10,22,0.550610354070932,0.9127385782551307,0.6349784933323435,0.9396463154106941,0.6427257249421654,0.8820200259410027,1,0.6062771678832117,0.3654618473895582,2,88,0.3847059940785038,0.8933333333333333,0.9692628219941379,0.6854520825097384,0.9195416625046829,0,0.6300048292682927,0.5060240963855421,0,42,0.31120720481927716,0.8262173230943579,0.827761022223932,0.5408458203723355,0.8790453398660433,0,0.5244206913580247,0.15476190476190477,2,37,0.44326034626690186,0.8399727733752923,1,0.5692528557692308,0.09066666666666667,5,28,0.6491121634794592,0.9781718787310201,0.6434339699585223,0.9495830088991263,0.9376181474480151,0.5694565
37,-yolo26s,0.40322392398203033,0.5634375,0.40751,0.38047828868921535,0.42091601488476205,0.43937088862216755,0.4882716939880239,0.39047008325631116,0.3917825866251167,0.72972,0.8263,0.73822,0.9857461306216245,0.9671515272155736,0.9470588235294117,0.3898248981004374,0.46641722221888193,0.49911037372235834,0.32831156549737056,83.0,0.003,0.5,0.25,3.0,ul://ultralytics/yolo26/yolo26s-obb,/datasets/baylands-obb-dataset-mini-final-d549182e/data.yaml,baylands-original-yolo26s,/home/ruben/halmstad_ws/models/obb/experiments/sam3_hybrid_full/metrics/baylands-original-yolo26s.json,0.792130444987093,0.5486664062780255,0.7669224961414495,10,0.5950649196428571,0.5813008130081301,128,5,0.2491531980618467,0.660962491408143,0.6143174229676305,0.9715453566595643,0.6832458541603108,0.8920292373455215,2,0.6089635381165919,0.1646586345381526,37,2,0.5086924334467916,0.9546959124897373,0.9810620951905871,0.7117134387219923,0.9821922979922836,0,0.6177038205128205,0.13253012048192772,6,5,0.5358394587581093,0.9518072289156626,0.7625153825052828,0.5136439927101935,0.7353437930618603,17,0.528009384180791,0.49206349206349204,85,22,0.268195242758497,0.7135678391959799,3,0.5651292754491017,0.136,42,6,0.6451862611543625,0.9696695320090387,0.6414469202577031,0.9394185397200553,0.9206049149338374,0.5634375
38,v5,0.4003876449084932,0.6578327500000001,0.53716,0.35202243899274677,0.40083449551931355,0.47969473929997464,0.47744310419243985,0.4819463744075095,0.3572070100616022,0.8709,0.87073,0.86667,0.9651475341345792,0.9593576037859153,0.8941176470588236,0.42965420541682287,0.4304651831253702,0.47855144870853,0.2646671448265311,101.0,0.001,1.0,0.5,0.0,ul://ruben-croall/uav-assisted-ugv/baylandsleaderv3,/datasets/baylands-obb-dataset-v3-387300b6/data.yaml,baylands-leader-v5,/home/ruben/halmstad_ws/models/obb/experiments/sam3_hybrid_full/metrics/baylands-leader-v5.json,0.9297616310137317,0.641725570764186,0.8507272274241907,2,0.6059994751131221,0.17886178861788618,34,8,0.4976093250928889,0.8959380589317866,0.6322766634706326,0.9675817404346042,0.6613570503821695,0.9323629786495682,1,0.5957608350515464,0.1646586345381526,9,31,0.4976636694406492,0.9189903580755887,0.9897267918217333,0.6991226494084917,0.9881736774842941,0,0.6083064411764706,0.1927710843373494,1,15,0.49104254890148835,0.927710843373494,0.8262556873053712,0.5269013833276833,0.8718884385020786,0,0.5056837657142857,0.12698412698412698,8,24,0.4414699541950114,0.8592964824120602,1,0.5577606357388316,0.144,4,49,0.6166952557103417,0.9698110727386089,0.621520527186437,0.9616058121450324,0.8995591726022054,0.6578327500000001
39,-yolo26n,0.36812782389139803,0.5375602500000001,0.39486,0.3552377035731046,0.3767775552580865,0.3691271294317074,0.41564683244444445,0.32260742641897033,0.3837070130049135,0.75713,0.88128,0.76797,0.9353000208798216,0.8509021968880344,0.8728378742333458,0.3528939864211576,0.4018332571588579,0.45941715817166573,0.2929658192806646,81.0,0.003,0.5,0.25,3.0,ul://ultralytics/yolo26/yolo26n-obb,/datasets/baylands-obb-dataset-mini-final-d549182e/data.yaml,baylands-original-yolo26n,/home/ruben/halmstad_ws/models/obb/experiments/sam3_hybrid_full/metrics/baylands-original-yolo26n.json,0.6935558539729864,0.5011695912319667,0.6269339645989994,3,0.6075262,0.44715447154471544,18,89,0.3358681430894309,0.704488876305552,0.545705980764881,0.8080686978929625,0.5695612740386437,0.8693924302267934,0,0.5951883636363636,0.46586345381526106,1,115,0.31791185688207374,0.6666666666666666,0.8935139847570746,0.6427297991443601,0.9387768568045679,0,0.6152814782608695,0.4578313253012048,1,37,0.33358634363541123,0.7831325301204819,0.6807539221116748,0.4693632586445534,0.7727016983837713,0,0.5657182758620689,0.4642857142857143,5,112,0.3030633620689655,0.6320740251965048,0,0.5546888333333333,0.25066666666666665,24,70,0.5984566419649773,0.9303787454353283,0.6132149600639566,0.8580761873256101,0.868618233944183,0.5375602500000001
40,v3,0.3311837186389824,0.9187424999999999,0.89416,0.3489632078785372,0.14855429891729574,0.3274027047258714,0.4465783953605948,0.20822701409114808,0.3074434921707626,0.965,0.99768,0.96386,0.8734572227323636,0.9183179396039249,0.8176470588235294,0.15436005005350245,0.1146152152419222,0.2071412596202969,0.11810067075346142,253.0,0.01,1.0,0.5,0.0,ul://ultralytics/yolo26/yolo26n-obb,/datasets/baylands-leader-obb-1a0cef24/data.yaml,baylands-leader-v3,/home/ruben/halmstad_ws/models/obb/experiments/sam3_hybrid_full/metrics/baylands-leader-v3.json,0.5712367553932863,0.36968125905483146,0.903950360811996,1,0.48749024427480914,0.4268292682926829,6,98,0.2794151400111711,0.5342722957703215,0.3025188549112172,0.3242467927950281,0.23585796503730094,0.4330357142857143,0,0.48007465217391304,0.7269076305220884,2,179,0.13110472428845815,0.4311111111111111,0.5431575847730397,0.39087692505143834,0.8518518518518519,0,0.5738526774193548,0.6265060240963856,0,52,0.21433051807228912,0.5542168674698795,0.2579905068091246,0.21365927050129813,0.6277811455150472,2,0.5825614871794872,0.6428571428571429,0,160,0.20805767399267397,0.2288512378237647,0,0.5619694572490707,0.20533333333333334,6,71,0.5811000616635901,0.7792863930693339,0.5239222078936511,0.9036987437036388,0.724007561436673,0.9187424999999999
