stem,status,gt_count,pred_count,matches,best_iou,mean_iou,max_conf,image,pred_dir
road_to_art_v1_frame_000546_622100000000,matched,1,1,1,0.837834,0.837834,0.903888,/home/ruben/halmstad_ws/datasets/final/baylands_generalization_road_to_art/images/test/road_to_art_v1_frame_000546_622100000000.jpg,/home/ruben/halmstad_ws/models/obb/experiments/sam3_hybrid_full/runs/predictions/baylands-leader-v6-nomosaic/baylands_generalization_road_to_art_test_all
road_to_art_v1_frame_000547_623100000000,matched,1,1,1,0.905922,0.905922,0.933387,/home/ruben/halmstad_ws/datasets/final/baylands_generalization_road_to_art/images/test/road_to_art_v1_frame_000547_623100000000.jpg,/home/ruben/halmstad_ws/models/obb/experiments/sam3_hybrid_full/runs/predictions/baylands-leader-v6-nomosaic/baylands_generalization_road_to_art_test_all
road_to_art_v1_frame_000548_624152000000,matched,1,1,1,0.702056,0.702056,0.912791,/home/ruben/halmstad_ws/datasets/final/baylands_generalization_road_to_art/images/test/road_to_art_v1_frame_000548_624152000000.jpg,/home/ruben/halmstad_ws/models/obb/experiments/sam3_hybrid_full/runs/predictions/baylands-leader-v6-nomosaic/baylands_generalization_road_to_art_test_all
road_to_art_v1_frame_000552_628152000000,matched,1,1,1,0.404471,0.404471,0.621997,/home/ruben/halmstad_ws/datasets/final/baylands_generalization_road_to_art/images/test/road_to_art_v1_frame_000552_628152000000.jpg,/home/ruben/halmstad_ws/models/obb/experiments/sam3_hybrid_full/runs/predictions/baylands-leader-v6-nomosaic/baylands_generalization_road_to_art_test_all
road_to_art_v1_frame_000553_629200000000,matched,1,1,1,0.719735,0.719735,0.516198,/home/ruben/halmstad_ws/datasets/final/baylands_generalization_road_to_art/images/test/road_to_art_v1_frame_000553_629200000000.jpg,/home/ruben/halmstad_ws/models/obb/experiments/sam3_hybrid_full/runs/predictions/baylands-leader-v6-nomosaic/baylands_generalization_road_to_art_test_all
road_to_art_v1_frame_000554_630252000000,matched,1,1,1,0.792821,0.792821,0.918285,/home/ruben/halmstad_ws/datasets/final/baylands_generalization_road_to_art/images/test/road_to_art_v1_frame_000554_630252000000.jpg,/home/ruben/halmstad_ws/models/obb/experiments/sam3_hybrid_full/runs/predictions/baylands-leader-v6-nomosaic/baylands_generalization_road_to_art_test_all
road_to_art_v1_frame_000557_633252000000,matched,1,1,1,0.600276,0.600276,0.907506,/home/ruben/halmstad_ws/datasets/final/baylands_generalization_road_to_art/images/test/road_to_art_v1_frame_000557_633252000000.jpg,/home/ruben/halmstad_ws/models/obb/experiments/sam3_hybrid_full/runs/predictions/baylands-leader-v6-nomosaic/baylands_generalization_road_to_art_test_all
road_to_art_v1_frame_000561_637300000000,matched,1,1,1,0.850513,0.850513,0.925874,/home/ruben/halmstad_ws/datasets/final/baylands_generalization_road_to_art/images/test/road_to_art_v1_frame_000561_637300000000.jpg,/home/ruben/halmstad_ws/models/obb/experiments/sam3_hybrid_full/runs/predictions/baylands-leader-v6-nomosaic/baylands_generalization_road_to_art_test_all
road_to_art_v1_frame_000563_639300000000,matched,1,1,1,0.741666,0.741666,0.852265,/home/ruben/halmstad_ws/datasets/final/baylands_generalization_road_to_art/images/test/road_to_art_v1_frame_000563_639300000000.jpg,/home/ruben/halmstad_ws/models/obb/experiments/sam3_hybrid_full/runs/predictions/baylands-leader-v6-nomosaic/baylands_generalization_road_to_art_test_all
road_to_art_v1_frame_000565_641352000000,matched,1,1,1,0.56329,0.56329,0.909024,/home/ruben/halmstad_ws/datasets/final/baylands_generalization_road_to_art/images/test/road_to_art_v1_frame_000565_641352000000.jpg,/home/ruben/halmstad_ws/models/obb/experiments/sam3_hybrid_full/runs/predictions/baylands-leader-v6-nomosaic/baylands_generalization_road_to_art_test_all
road_to_art_v1_frame_000567_643352000000,matched,1,1,1,0.730552,0.730552,0.881233,/home/ruben/halmstad_ws/datasets/final/baylands_generalization_road_to_art/images/test/road_to_art_v1_frame_000567_643352000000.jpg,/home/ruben/halmstad_ws/models/obb/experiments/sam3_hybrid_full/runs/predictions/baylands-leader-v6-nomosaic/baylands_generalization_road_to_art_test_all
road_to_art_v1_frame_000568_644352000000,matched,1,1,1,0.643802,0.643802,0.821877,/home/ruben/halmstad_ws/datasets/final/baylands_generalization_road_to_art/images/test/road_to_art_v1_frame_000568_644352000000.jpg,/home/ruben/halmstad_ws/models/obb/experiments/sam3_hybrid_full/runs/predictions/baylands-leader-v6-nomosaic/baylands_generalization_road_to_art_test_all
road_to_art_v1_frame_000571_647400000000,matched,1,1,1,0.874757,0.874757,0.917006,/home/ruben/halmstad_ws/datasets/final/baylands_generalization_road_to_art/images/test/road_to_art_v1_frame_000571_647400000000.jpg,/home/ruben/halmstad_ws/models/obb/experiments/sam3_hybrid_full/runs/predictions/baylands-leader-v6-nomosaic/baylands_generalization_road_to_art_test_all
road_to_art_v1_frame_000572_648400000000,matched,1,1,1,0.775766,0.775766,0.847607,/home/ruben/halmstad_ws/datasets/final/baylands_generalization_road_to_art/images/test/road_to_art_v1_frame_000572_648400000000.jpg,/home/ruben/halmstad_ws/models/obb/experiments/sam3_hybrid_full/runs/predictions/baylands-leader-v6-nomosaic/baylands_generalization_road_to_art_test_all
road_to_art_v1_frame_000573_649400000000,matched,1,1,1,0.78467,0.78467,0.880006,/home/ruben/halmstad_ws/datasets/final/baylands_generalization_road_to_art/images/test/road_to_art_v1_frame_000573_649400000000.jpg,/home/ruben/halmstad_ws/models/obb/experiments/sam3_hybrid_full/runs/predictions/baylands-leader-v6-nomosaic/baylands_generalization_road_to_art_test_all
road_to_art_v1_frame_000574_650500000000,matched,1,1,1,0.653104,0.653104,0.894729,/home/ruben/halmstad_ws/datasets/final/baylands_generalization_road_to_art/images/test/road_to_art_v1_frame_000574_650500000000.jpg,/home/ruben/halmstad_ws/models/obb/experiments/sam3_hybrid_full/runs/predictions/baylands-leader-v6-nomosaic/baylands_generalization_road_to_art_test_all
road_to_art_v1_frame_000575_651500000000,matched,1,1,1,0.752202,0.752202,0.910663,/home/ruben/halmstad_ws/datasets/final/baylands_generalization_road_to_art/images/test/road_to_art_v1_frame_000575_651500000000.jpg,/home/ruben/halmstad_ws/models/obb/experiments/sam3_hybrid_full/runs/predictions/baylands-leader-v6-nomosaic/baylands_generalization_road_to_art_test_all
road_to_art_v1_frame_000576_652500000000,matched,1,1,1,0.89425,0.89425,0.912193,/home/ruben/halmstad_ws/datasets/final/baylands_generalization_road_to_art/images/test/road_to_art_v1_frame_000576_652500000000.jpg,/home/ruben/halmstad_ws/models/obb/experiments/sam3_hybrid_full/runs/predictions/baylands-leader-v6-nomosaic/baylands_generalization_road_to_art_test_all
road_to_art_v1_frame_000579_655500000000,matched,1,1,1,0.825936,0.825936,0.892378,/home/ruben/halmstad_ws/datasets/final/baylands_generalization_road_to_art/images/test/road_to_art_v1_frame_000579_655500000000.jpg,/home/ruben/halmstad_ws/models/obb/experiments/sam3_hybrid_full/runs/predictions/baylands-leader-v6-nomosaic/baylands_generalization_road_to_art_test_all
road_to_art_v1_frame_000580_656552000000,matched,1,1,1,0.620649,0.620649,0.907329,/home/ruben/halmstad_ws/datasets/final/baylands_generalization_road_to_art/images/test/road_to_art_v1_frame_000580_656552000000.jpg,/home/ruben/halmstad_ws/models/obb/experiments/sam3_hybrid_full/runs/predictions/baylands-leader-v6-nomosaic/baylands_generalization_road_to_art_test_all
road_to_art_v1_frame_000581_657552000000,matched,1,1,1,0.910982,0.910982,0.911527,/home/ruben/halmstad_ws/datasets/final/baylands_generalization_road_to_art/images/test/road_to_art_v1_frame_000581_657552000000.jpg,/home/ruben/halmstad_ws/models/obb/experiments/sam3_hybrid_full/runs/predictions/baylands-leader-v6-nomosaic/baylands_generalization_road_to_art_test_all
road_to_art_v1_frame_000583_659552000000,matched,1,1,1,0.512648,0.512648,0.64795,/home/ruben/halmstad_ws/datasets/final/baylands_generalization_road_to_art/images/test/road_to_art_v1_frame_000583_659552000000.jpg,/home/ruben/halmstad_ws/models/obb/experiments/sam3_hybrid_full/runs/predictions/baylands-leader-v6-nomosaic/baylands_generalization_road_to_art_test_all
road_to_art_v1_frame_000585_661552000000,matched,1,1,1,0.773183,0.773183,0.876066,/home/ruben/halmstad_ws/datasets/final/baylands_generalization_road_to_art/images/test/road_to_art_v1_frame_000585_661552000000.jpg,/home/ruben/halmstad_ws/models/obb/experiments/sam3_hybrid_full/runs/predictions/baylands-leader-v6-nomosaic/baylands_generalization_road_to_art_test_all
road_to_art_v1_frame_000589_665600000000,matched,1,1,1,0.914494,0.914494,0.919757,/home/ruben/halmstad_ws/datasets/final/baylands_generalization_road_to_art/images/test/road_to_art_v1_frame_000589_665600000000.jpg,/home/ruben/halmstad_ws/models/obb/experiments/sam3_hybrid_full/runs/predictions/baylands-leader-v6-nomosaic/baylands_generalization_road_to_art_test_all
road_to_art_v1_frame_000591_667652000000,matched,1,1,1,0.79587,0.79587,0.923211,/home/ruben/halmstad_ws/datasets/final/baylands_generalization_road_to_art/images/test/road_to_art_v1_frame_000591_667652000000.jpg,/home/ruben/halmstad_ws/models/obb/experiments/sam3_hybrid_full/runs/predictions/baylands-leader-v6-nomosaic/baylands_generalization_road_to_art_test_all
road_to_art_v1_frame_000594_670652000000,matched,1,1,1,0.905857,0.905857,0.925812,/home/ruben/halmstad_ws/datasets/final/baylands_generalization_road_to_art/images/test/road_to_art_v1_frame_000594_670652000000.jpg,/home/ruben/halmstad_ws/models/obb/experiments/sam3_hybrid_full/runs/predictions/baylands-leader-v6-nomosaic/baylands_generalization_road_to_art_test_all
road_to_art_v1_frame_000595_671652000000,matched,1,1,1,0.924061,0.924061,0.920674,/home/ruben/halmstad_ws/datasets/final/baylands_generalization_road_to_art/images/test/road_to_art_v1_frame_000595_671652000000.jpg,/home/ruben/halmstad_ws/models/obb/experiments/sam3_hybrid_full/runs/predictions/baylands-leader-v6-nomosaic/baylands_generalization_road_to_art_test_all
road_to_art_v1_frame_000596_672652000000,matched,1,1,1,0.0,0.0,0.918589,/home/ruben/halmstad_ws/datasets/final/baylands_generalization_road_to_art/images/test/road_to_art_v1_frame_000596_672652000000.jpg,/home/ruben/halmstad_ws/models/obb/experiments/sam3_hybrid_full/runs/predictions/baylands-leader-v6-nomosaic/baylands_generalization_road_to_art_test_all
road_to_art_v1_frame_000597_673652000000,matched,1,1,1,0.811504,0.811504,0.91744,/home/ruben/halmstad_ws/datasets/final/baylands_generalization_road_to_art/images/test/road_to_art_v1_frame_000597_673652000000.jpg,/home/ruben/halmstad_ws/models/obb/experiments/sam3_hybrid_full/runs/predictions/baylands-leader-v6-nomosaic/baylands_generalization_road_to_art_test_all
road_to_art_v1_frame_000600_676700000000,matched,1,1,1,0.883272,0.883272,0.93699,/home/ruben/halmstad_ws/datasets/final/baylands_generalization_road_to_art/images/test/road_to_art_v1_frame_000600_676700000000.jpg,/home/ruben/halmstad_ws/models/obb/experiments/sam3_hybrid_full/runs/predictions/baylands-leader-v6-nomosaic/baylands_generalization_road_to_art_test_all
road_to_art_v1_frame_000601_677700000000,matched,1,1,1,0.868551,0.868551,0.874455,/home/ruben/halmstad_ws/datasets/final/baylands_generalization_road_to_art/images/test/road_to_art_v1_frame_000601_677700000000.jpg,/home/ruben/halmstad_ws/models/obb/experiments/sam3_hybrid_full/runs/predictions/baylands-leader-v6-nomosaic/baylands_generalization_road_to_art_test_all
road_to_art_v1_frame_000602_678752000000,matched,1,1,1,0.665621,0.665621,0.905153,/home/ruben/halmstad_ws/datasets/final/baylands_generalization_road_to_art/images/test/road_to_art_v1_frame_000602_678752000000.jpg,/home/ruben/halmstad_ws/models/obb/experiments/sam3_hybrid_full/runs/predictions/baylands-leader-v6-nomosaic/baylands_generalization_road_to_art_test_all
road_to_art_v1_frame_000603_679752000000,matched,1,1,1,0.840081,0.840081,0.907019,/home/ruben/halmstad_ws/datasets/final/baylands_generalization_road_to_art/images/test/road_to_art_v1_frame_000603_679752000000.jpg,/home/ruben/halmstad_ws/models/obb/experiments/sam3_hybrid_full/runs/predictions/baylands-leader-v6-nomosaic/baylands_generalization_road_to_art_test_all
road_to_art_v1_frame_000608_684800000000,matched,1,1,1,0.831227,0.831227,0.879731,/home/ruben/halmstad_ws/datasets/final/baylands_generalization_road_to_art/images/test/road_to_art_v1_frame_000608_684800000000.jpg,/home/ruben/halmstad_ws/models/obb/experiments/sam3_hybrid_full/runs/predictions/baylands-leader-v6-nomosaic/baylands_generalization_road_to_art_test_all
road_to_art_v1_frame_000614_690852000000,matched,1,1,1,0.793779,0.793779,0.921312,/home/ruben/halmstad_ws/datasets/final/baylands_generalization_road_to_art/images/test/road_to_art_v1_frame_000614_690852000000.jpg,/home/ruben/halmstad_ws/models/obb/experiments/sam3_hybrid_full/runs/predictions/baylands-leader-v6-nomosaic/baylands_generalization_road_to_art_test_all
road_to_art_v1_frame_000620_696952000000,matched,1,1,1,0.849229,0.849229,0.911198,/home/ruben/halmstad_ws/datasets/final/baylands_generalization_road_to_art/images/test/road_to_art_v1_frame_000620_696952000000.jpg,/home/ruben/halmstad_ws/models/obb/experiments/sam3_hybrid_full/runs/predictions/baylands-leader-v6-nomosaic/baylands_generalization_road_to_art_test_all
road_to_art_v1_frame_000622_699000000000,matched,1,1,1,0.730128,0.730128,0.900149,/home/ruben/halmstad_ws/datasets/final/baylands_generalization_road_to_art/images/test/road_to_art_v1_frame_000622_699000000000.jpg,/home/ruben/halmstad_ws/models/obb/experiments/sam3_hybrid_full/runs/predictions/baylands-leader-v6-nomosaic/baylands_generalization_road_to_art_test_all
road_to_art_v1_frame_000623_699952000000,matched,1,1,1,0.850192,0.850192,0.884062,/home/ruben/halmstad_ws/datasets/final/baylands_generalization_road_to_art/images/test/road_to_art_v1_frame_000623_699952000000.jpg,/home/ruben/halmstad_ws/models/obb/experiments/sam3_hybrid_full/runs/predictions/baylands-leader-v6-nomosaic/baylands_generalization_road_to_art_test_all
road_to_art_v1_frame_000624_701000000000,matched,1,1,1,0.845602,0.845602,0.913732,/home/ruben/halmstad_ws/datasets/final/baylands_generalization_road_to_art/images/test/road_to_art_v1_frame_000624_701000000000.jpg,/home/ruben/halmstad_ws/models/obb/experiments/sam3_hybrid_full/runs/predictions/baylands-leader-v6-nomosaic/baylands_generalization_road_to_art_test_all
road_to_art_v1_frame_000632_709152000000,matched,1,1,1,0.827548,0.827548,0.90195,/home/ruben/halmstad_ws/datasets/final/baylands_generalization_road_to_art/images/test/road_to_art_v1_frame_000632_709152000000.jpg,/home/ruben/halmstad_ws/models/obb/experiments/sam3_hybrid_full/runs/predictions/baylands-leader-v6-nomosaic/baylands_generalization_road_to_art_test_all
road_to_art_v1_frame_000635_712200000000,matched,1,1,1,0.835121,0.835121,0.880716,/home/ruben/halmstad_ws/datasets/final/baylands_generalization_road_to_art/images/test/road_to_art_v1_frame_000635_712200000000.jpg,/home/ruben/halmstad_ws/models/obb/experiments/sam3_hybrid_full/runs/predictions/baylands-leader-v6-nomosaic/baylands_generalization_road_to_art_test_all
road_to_art_v1_frame_000636_713252000000,matched,1,1,1,0.798391,0.798391,0.902277,/home/ruben/halmstad_ws/datasets/final/baylands_generalization_road_to_art/images/test/road_to_art_v1_frame_000636_713252000000.jpg,/home/ruben/halmstad_ws/models/obb/experiments/sam3_hybrid_full/runs/predictions/baylands-leader-v6-nomosaic/baylands_generalization_road_to_art_test_all
road_to_art_v1_frame_000638_715252000000,matched,1,1,1,0.865327,0.865327,0.899494,/home/ruben/halmstad_ws/datasets/final/baylands_generalization_road_to_art/images/test/road_to_art_v1_frame_000638_715252000000.jpg,/home/ruben/halmstad_ws/models/obb/experiments/sam3_hybrid_full/runs/predictions/baylands-leader-v6-nomosaic/baylands_generalization_road_to_art_test_all
road_to_art_v1_frame_000639_716252000000,matched,1,1,1,0.930299,0.930299,0.911944,/home/ruben/halmstad_ws/datasets/final/baylands_generalization_road_to_art/images/test/road_to_art_v1_frame_000639_716252000000.jpg,/home/ruben/halmstad_ws/models/obb/experiments/sam3_hybrid_full/runs/predictions/baylands-leader-v6-nomosaic/baylands_generalization_road_to_art_test_all
road_to_art_v1_frame_000640_717252000000,matched,1,1,1,0.934402,0.934402,0.913321,/home/ruben/halmstad_ws/datasets/final/baylands_generalization_road_to_art/images/test/road_to_art_v1_frame_000640_717252000000.jpg,/home/ruben/halmstad_ws/models/obb/experiments/sam3_hybrid_full/runs/predictions/baylands-leader-v6-nomosaic/baylands_generalization_road_to_art_test_all
road_to_art_v1_frame_000641_718300000000,matched,1,1,1,0.882309,0.882309,0.899565,/home/ruben/halmstad_ws/datasets/final/baylands_generalization_road_to_art/images/test/road_to_art_v1_frame_000641_718300000000.jpg,/home/ruben/halmstad_ws/models/obb/experiments/sam3_hybrid_full/runs/predictions/baylands-leader-v6-nomosaic/baylands_generalization_road_to_art_test_all
road_to_art_v1_frame_000642_719300000000,matched,1,1,1,0.429141,0.429141,0.864785,/home/ruben/halmstad_ws/datasets/final/baylands_generalization_road_to_art/images/test/road_to_art_v1_frame_000642_719300000000.jpg,/home/ruben/halmstad_ws/models/obb/experiments/sam3_hybrid_full/runs/predictions/baylands-leader-v6-nomosaic/baylands_generalization_road_to_art_test_all
road_to_art_v1_frame_000643_720300000000,matched,1,1,1,0.579972,0.579972,0.820406,/home/ruben/halmstad_ws/datasets/final/baylands_generalization_road_to_art/images/test/road_to_art_v1_frame_000643_720300000000.jpg,/home/ruben/halmstad_ws/models/obb/experiments/sam3_hybrid_full/runs/predictions/baylands-leader-v6-nomosaic/baylands_generalization_road_to_art_test_all
road_to_art_v1_frame_000644_721352000000,matched,1,1,1,0.676087,0.676087,0.898432,/home/ruben/halmstad_ws/datasets/final/baylands_generalization_road_to_art/images/test/road_to_art_v1_frame_000644_721352000000.jpg,/home/ruben/halmstad_ws/models/obb/experiments/sam3_hybrid_full/runs/predictions/baylands-leader-v6-nomosaic/baylands_generalization_road_to_art_test_all
road_to_art_v1_frame_000645_722352000000,matched,1,1,1,0.90744,0.90744,0.910243,/home/ruben/halmstad_ws/datasets/final/baylands_generalization_road_to_art/images/test/road_to_art_v1_frame_000645_722352000000.jpg,/home/ruben/halmstad_ws/models/obb/experiments/sam3_hybrid_full/runs/predictions/baylands-leader-v6-nomosaic/baylands_generalization_road_to_art_test_all
road_to_art_v1_frame_000647_724352000000,matched,1,1,1,0.884778,0.884778,0.900974,/home/ruben/halmstad_ws/datasets/final/baylands_generalization_road_to_art/images/test/road_to_art_v1_frame_000647_724352000000.jpg,/home/ruben/halmstad_ws/models/obb/experiments/sam3_hybrid_full/runs/predictions/baylands-leader-v6-nomosaic/baylands_generalization_road_to_art_test_all
road_to_art_v1_frame_000648_725352000000,matched,1,1,1,0.780674,0.780674,0.769092,/home/ruben/halmstad_ws/datasets/final/baylands_generalization_road_to_art/images/test/road_to_art_v1_frame_000648_725352000000.jpg,/home/ruben/halmstad_ws/models/obb/experiments/sam3_hybrid_full/runs/predictions/baylands-leader-v6-nomosaic/baylands_generalization_road_to_art_test_all
road_to_art_v1_frame_000649_726352000000,matched,1,1,1,0.776943,0.776943,0.909464,/home/ruben/halmstad_ws/datasets/final/baylands_generalization_road_to_art/images/test/road_to_art_v1_frame_000649_726352000000.jpg,/home/ruben/halmstad_ws/models/obb/experiments/sam3_hybrid_full/runs/predictions/baylands-leader-v6-nomosaic/baylands_generalization_road_to_art_test_all
road_to_art_v1_frame_000650_727352000000,matched,1,1,1,0.71901,0.71901,0.821387,/home/ruben/halmstad_ws/datasets/final/baylands_generalization_road_to_art/images/test/road_to_art_v1_frame_000650_727352000000.jpg,/home/ruben/halmstad_ws/models/obb/experiments/sam3_hybrid_full/runs/predictions/baylands-leader-v6-nomosaic/baylands_generalization_road_to_art_test_all
road_to_art_v1_frame_000651_728400000000,matched,1,1,1,0.733005,0.733005,0.904799,/home/ruben/halmstad_ws/datasets/final/baylands_generalization_road_to_art/images/test/road_to_art_v1_frame_000651_728400000000.jpg,/home/ruben/halmstad_ws/models/obb/experiments/sam3_hybrid_full/runs/predictions/baylands-leader-v6-nomosaic/baylands_generalization_road_to_art_test_all
road_to_art_v1_frame_000654_731452000000,matched,1,1,1,0.0,0.0,0.918536,/home/ruben/halmstad_ws/datasets/final/baylands_generalization_road_to_art/images/test/road_to_art_v1_frame_000654_731452000000.jpg,/home/ruben/halmstad_ws/models/obb/experiments/sam3_hybrid_full/runs/predictions/baylands-leader-v6-nomosaic/baylands_generalization_road_to_art_test_all
road_to_art_v1_frame_000655_732452000000,matched,1,1,1,0.58775,0.58775,0.894747,/home/ruben/halmstad_ws/datasets/final/baylands_generalization_road_to_art/images/test/road_to_art_v1_frame_000655_732452000000.jpg,/home/ruben/halmstad_ws/models/obb/experiments/sam3_hybrid_full/runs/predictions/baylands-leader-v6-nomosaic/baylands_generalization_road_to_art_test_all
road_to_art_v1_frame_000664_741552000000,matched,1,1,1,0.637152,0.637152,0.888193,/home/ruben/halmstad_ws/datasets/final/baylands_generalization_road_to_art/images/test/road_to_art_v1_frame_000664_741552000000.jpg,/home/ruben/halmstad_ws/models/obb/experiments/sam3_hybrid_full/runs/predictions/baylands-leader-v6-nomosaic/baylands_generalization_road_to_art_test_all
road_to_art_v1_frame_000665_742552000000,matched,1,1,1,0.533354,0.533354,0.889284,/home/ruben/halmstad_ws/datasets/final/baylands_generalization_road_to_art/images/test/road_to_art_v1_frame_000665_742552000000.jpg,/home/ruben/halmstad_ws/models/obb/experiments/sam3_hybrid_full/runs/predictions/baylands-leader-v6-nomosaic/baylands_generalization_road_to_art_test_all
road_to_art_v1_frame_000666_743552000000,matched,1,1,1,0.896506,0.896506,0.926899,/home/ruben/halmstad_ws/datasets/final/baylands_generalization_road_to_art/images/test/road_to_art_v1_frame_000666_743552000000.jpg,/home/ruben/halmstad_ws/models/obb/experiments/sam3_hybrid_full/runs/predictions/baylands-leader-v6-nomosaic/baylands_generalization_road_to_art_test_all
road_to_art_v1_frame_000668_745600000000,matched,1,1,1,0.442157,0.442157,0.8865,/home/ruben/halmstad_ws/datasets/final/baylands_generalization_road_to_art/images/test/road_to_art_v1_frame_000668_745600000000.jpg,/home/ruben/halmstad_ws/models/obb/experiments/sam3_hybrid_full/runs/predictions/baylands-leader-v6-nomosaic/baylands_generalization_road_to_art_test_all
road_to_art_v1_frame_000672_749600000000,matched,1,1,1,0.926806,0.926806,0.914073,/home/ruben/halmstad_ws/datasets/final/baylands_generalization_road_to_art/images/test/road_to_art_v1_frame_000672_749600000000.jpg,/home/ruben/halmstad_ws/models/obb/experiments/sam3_hybrid_full/runs/predictions/baylands-leader-v6-nomosaic/baylands_generalization_road_to_art_test_all
road_to_art_v1_frame_000673_750600000000,matched,1,1,1,0.877386,0.877386,0.855728,/home/ruben/halmstad_ws/datasets/final/baylands_generalization_road_to_art/images/test/road_to_art_v1_frame_000673_750600000000.jpg,/home/ruben/halmstad_ws/models/obb/experiments/sam3_hybrid_full/runs/predictions/baylands-leader-v6-nomosaic/baylands_generalization_road_to_art_test_all
road_to_art_v1_frame_000675_752652000000,matched,1,1,1,0.507327,0.507327,0.864066,/home/ruben/halmstad_ws/datasets/final/baylands_generalization_road_to_art/images/test/road_to_art_v1_frame_000675_752652000000.jpg,/home/ruben/halmstad_ws/models/obb/experiments/sam3_hybrid_full/runs/predictions/baylands-leader-v6-nomosaic/baylands_generalization_road_to_art_test_all
road_to_art_v1_frame_000678_755652000000,matched,1,1,1,0.561821,0.561821,0.835036,/home/ruben/halmstad_ws/datasets/final/baylands_generalization_road_to_art/images/test/road_to_art_v1_frame_000678_755652000000.jpg,/home/ruben/halmstad_ws/models/obb/experiments/sam3_hybrid_full/runs/predictions/baylands-leader-v6-nomosaic/baylands_generalization_road_to_art_test_all
road_to_art_v1_frame_000680_757700000000,matched,1,1,1,0.903179,0.903179,0.919729,/home/ruben/halmstad_ws/datasets/final/baylands_generalization_road_to_art/images/test/road_to_art_v1_frame_000680_757700000000.jpg,/home/ruben/halmstad_ws/models/obb/experiments/sam3_hybrid_full/runs/predictions/baylands-leader-v6-nomosaic/baylands_generalization_road_to_art_test_all
road_to_art_v1_frame_000681_758700000000,matched,1,1,1,0.706817,0.706817,0.907848,/home/ruben/halmstad_ws/datasets/final/baylands_generalization_road_to_art/images/test/road_to_art_v1_frame_000681_758700000000.jpg,/home/ruben/halmstad_ws/models/obb/experiments/sam3_hybrid_full/runs/predictions/baylands-leader-v6-nomosaic/baylands_generalization_road_to_art_test_all
road_to_art_v1_frame_000684_761700000000,matched,1,1,1,0.594178,0.594178,0.832454,/home/ruben/halmstad_ws/datasets/final/baylands_generalization_road_to_art/images/test/road_to_art_v1_frame_000684_761700000000.jpg,/home/ruben/halmstad_ws/models/obb/experiments/sam3_hybrid_full/runs/predictions/baylands-leader-v6-nomosaic/baylands_generalization_road_to_art_test_all
road_to_art_v1_frame_000685_762752000000,matched,1,1,1,0.382224,0.382224,0.834179,/home/ruben/halmstad_ws/datasets/final/baylands_generalization_road_to_art/images/test/road_to_art_v1_frame_000685_762752000000.jpg,/home/ruben/halmstad_ws/models/obb/experiments/sam3_hybrid_full/runs/predictions/baylands-leader-v6-nomosaic/baylands_generalization_road_to_art_test_all
road_to_art_v1_frame_000686_763752000000,matched,1,1,1,0.760164,0.760164,0.909827,/home/ruben/halmstad_ws/datasets/final/baylands_generalization_road_to_art/images/test/road_to_art_v1_frame_000686_763752000000.jpg,/home/ruben/halmstad_ws/models/obb/experiments/sam3_hybrid_full/runs/predictions/baylands-leader-v6-nomosaic/baylands_generalization_road_to_art_test_all
road_to_art_v1_frame_000688_765752000000,matched,1,1,1,1.0,1.0,0.917838,/home/ruben/halmstad_ws/datasets/final/baylands_generalization_road_to_art/images/test/road_to_art_v1_frame_000688_765752000000.jpg,/home/ruben/halmstad_ws/models/obb/experiments/sam3_hybrid_full/runs/predictions/baylands-leader-v6-nomosaic/baylands_generalization_road_to_art_test_all
road_to_art_v1_frame_000691_768800000000,matched,1,1,1,0.560132,0.560132,0.910299,/home/ruben/halmstad_ws/datasets/final/baylands_generalization_road_to_art/images/test/road_to_art_v1_frame_000691_768800000000.jpg,/home/ruben/halmstad_ws/models/obb/experiments/sam3_hybrid_full/runs/predictions/baylands-leader-v6-nomosaic/baylands_generalization_road_to_art_test_all
road_to_art_v1_frame_000700_777852000000,matched,1,1,1,0.738706,0.738706,0.899551,/home/ruben/halmstad_ws/datasets/final/baylands_generalization_road_to_art/images/test/road_to_art_v1_frame_000700_777852000000.jpg,/home/ruben/halmstad_ws/models/obb/experiments/sam3_hybrid_full/runs/predictions/baylands-leader-v6-nomosaic/baylands_generalization_road_to_art_test_all
road_to_art_v1_frame_000702_779852000000,matched,1,1,1,0.683153,0.683153,0.919752,/home/ruben/halmstad_ws/datasets/final/baylands_generalization_road_to_art/images/test/road_to_art_v1_frame_000702_779852000000.jpg,/home/ruben/halmstad_ws/models/obb/experiments/sam3_hybrid_full/runs/predictions/baylands-leader-v6-nomosaic/baylands_generalization_road_to_art_test_all
road_to_art_v1_frame_000706_783852000000,matched,1,1,1,0.586733,0.586733,0.921997,/home/ruben/halmstad_ws/datasets/final/baylands_generalization_road_to_art/images/test/road_to_art_v1_frame_000706_783852000000.jpg,/home/ruben/halmstad_ws/models/obb/experiments/sam3_hybrid_full/runs/predictions/baylands-leader-v6-nomosaic/baylands_generalization_road_to_art_test_all
road_to_art_v1_frame_000707_784900000000,matched,1,1,1,0.541538,0.541538,0.527422,/home/ruben/halmstad_ws/datasets/final/baylands_generalization_road_to_art/images/test/road_to_art_v1_frame_000707_784900000000.jpg,/home/ruben/halmstad_ws/models/obb/experiments/sam3_hybrid_full/runs/predictions/baylands-leader-v6-nomosaic/baylands_generalization_road_to_art_test_all
road_to_art_v1_frame_000708_785900000000,matched,1,1,1,0.727051,0.727051,0.911755,/home/ruben/halmstad_ws/datasets/final/baylands_generalization_road_to_art/images/test/road_to_art_v1_frame_000708_785900000000.jpg,/home/ruben/halmstad_ws/models/obb/experiments/sam3_hybrid_full/runs/predictions/baylands-leader-v6-nomosaic/baylands_generalization_road_to_art_test_all
road_to_art_v1_frame_000709_786900000000,matched,1,1,1,0.525446,0.525446,0.916646,/home/ruben/halmstad_ws/datasets/final/baylands_generalization_road_to_art/images/test/road_to_art_v1_frame_000709_786900000000.jpg,/home/ruben/halmstad_ws/models/obb/experiments/sam3_hybrid_full/runs/predictions/baylands-leader-v6-nomosaic/baylands_generalization_road_to_art_test_all
road_to_art_v1_frame_000711_788952000000,multi_prediction,1,2,1,0.925154,0.925154,0.934177,/home/ruben/halmstad_ws/datasets/final/baylands_generalization_road_to_art/images/test/road_to_art_v1_frame_000711_788952000000.jpg,/home/ruben/halmstad_ws/models/obb/experiments/sam3_hybrid_full/runs/predictions/baylands-leader-v6-nomosaic/baylands_generalization_road_to_art_test_all
road_to_art_v1_frame_000712_789952000000,matched,1,1,1,0.593818,0.593818,0.920225,/home/ruben/halmstad_ws/datasets/final/baylands_generalization_road_to_art/images/test/road_to_art_v1_frame_000712_789952000000.jpg,/home/ruben/halmstad_ws/models/obb/experiments/sam3_hybrid_full/runs/predictions/baylands-leader-v6-nomosaic/baylands_generalization_road_to_art_test_all
road_to_art_v1_frame_000715_793000000000,matched,1,1,1,0.929373,0.929373,0.913346,/home/ruben/halmstad_ws/datasets/final/baylands_generalization_road_to_art/images/test/road_to_art_v1_frame_000715_793000000000.jpg,/home/ruben/halmstad_ws/models/obb/experiments/sam3_hybrid_full/runs/predictions/baylands-leader-v6-nomosaic/baylands_generalization_road_to_art_test_all
road_to_art_v1_frame_000717_795000000000,matched,1,1,1,0.614528,0.614528,0.906969,/home/ruben/halmstad_ws/datasets/final/baylands_generalization_road_to_art/images/test/road_to_art_v1_frame_000717_795000000000.jpg,/home/ruben/halmstad_ws/models/obb/experiments/sam3_hybrid_full/runs/predictions/baylands-leader-v6-nomosaic/baylands_generalization_road_to_art_test_all
road_to_art_v1_frame_000718_796052000000,matched,1,1,1,0.436441,0.436441,0.882051,/home/ruben/halmstad_ws/datasets/final/baylands_generalization_road_to_art/images/test/road_to_art_v1_frame_000718_796052000000.jpg,/home/ruben/halmstad_ws/models/obb/experiments/sam3_hybrid_full/runs/predictions/baylands-leader-v6-nomosaic/baylands_generalization_road_to_art_test_all
